[0.047s] DEBUG:colcon:Command line arguments: ['/usr/bin/colcon', 'build']
[0.047s] DEBUG:colcon:Parsed command line arguments: Namespace(log_base=None, log_level=None, verb_name='build', build_base='build', install_base='install', merge_install=False, symlink_install=False, test_result_base=None, continue_on_error=False, executor='parallel', parallel_workers=24, event_handlers=None, ignore_user_meta=False, metas=['./colcon.meta'], base_paths=['.'], packages_ignore=None, packages_ignore_regex=None, paths=None, packages_up_to=None, packages_up_to_regex=None, packages_above=None, packages_above_and_dependencies=None, packages_above_depth=None, packages_select_by_dep=None, packages_skip_by_dep=None, packages_skip_up_to=None, packages_select_build_failed=False, packages_skip_build_finished=False, packages_select_test_failures=False, packages_skip_test_passed=False, packages_select=None, packages_skip=None, packages_select_regex=None, packages_skip_regex=None, packages_start=None, packages_end=None, allow_overriding=[], cmake_args=None, cmake_target=None, cmake_target_skip_unavailable=False, cmake_clean_cache=False, cmake_clean_first=False, cmake_force_configure=False, ament_cmake_args=None, catkin_cmake_args=None, catkin_skip_building_tests=False, mixin_files=None, mixin=None, verb_parser=<colcon_mixin.mixin.mixin_argument.MixinArgumentDecorator object at 0x7d32ea2452b0>, verb_extension=<colcon_core.verb.build.BuildVerb object at 0x7d32ea3c15e0>, main=<bound method BuildVerb.main of <colcon_core.verb.build.BuildVerb object at 0x7d32ea3c15e0>>, mixin_verb=('build',))
[0.063s] Level 1:colcon.colcon_core.package_discovery:discover_packages(colcon_meta) check parameters
[0.063s] Level 1:colcon.colcon_core.package_discovery:discover_packages(recursive) check parameters
[0.063s] Level 1:colcon.colcon_core.package_discovery:discover_packages(ignore) check parameters
[0.063s] Level 1:colcon.colcon_core.package_discovery:discover_packages(path) check parameters
[0.063s] Level 1:colcon.colcon_core.package_discovery:discover_packages(colcon_meta) discover
[0.064s] Level 1:colcon.colcon_core.package_discovery:discover_packages(recursive) discover
[0.064s] INFO:colcon.colcon_core.package_discovery:Crawling recursively for packages in '/home/rokey/collaboration/cobot3-ws-c2'
[0.064s] Level 1:colcon.colcon_core.package_identification:_identify(.) by extensions ['ignore', 'ignore_ament_install']
[0.064s] Level 1:colcon.colcon_core.package_identification:_identify(.) by extension 'ignore'
[0.064s] Level 1:colcon.colcon_core.package_identification:_identify(.) by extension 'ignore_ament_install'
[0.064s] Level 1:colcon.colcon_core.package_identification:_identify(.) by extensions ['colcon_pkg']
[0.064s] Level 1:colcon.colcon_core.package_identification:_identify(.) by extension 'colcon_pkg'
[0.064s] Level 1:colcon.colcon_core.package_identification:_identify(.) by extensions ['colcon_meta']
[0.064s] Level 1:colcon.colcon_core.package_identification:_identify(.) by extension 'colcon_meta'
[0.064s] Level 1:colcon.colcon_core.package_identification:_identify(.) by extensions ['ros']
[0.064s] Level 1:colcon.colcon_core.package_identification:_identify(.) by extension 'ros'
[0.075s] Level 1:colcon.colcon_core.package_identification:_identify(.) by extensions ['cmake', 'python']
[0.076s] Level 1:colcon.colcon_core.package_identification:_identify(.) by extension 'cmake'
[0.076s] Level 1:colcon.colcon_core.package_identification:_identify(.) by extension 'python'
[0.076s] Level 1:colcon.colcon_core.package_identification:_identify(.) by extensions ['python_setup_py']
[0.076s] Level 1:colcon.colcon_core.package_identification:_identify(.) by extension 'python_setup_py'
[0.076s] Level 1:colcon.colcon_core.package_identification:_identify(backend) by extensions ['ignore', 'ignore_ament_install']
[0.076s] Level 1:colcon.colcon_core.package_identification:_identify(backend) by extension 'ignore'
[0.076s] Level 1:colcon.colcon_core.package_identification:_identify(backend) by extension 'ignore_ament_install'
[0.076s] Level 1:colcon.colcon_core.package_identification:_identify(backend) by extensions ['colcon_pkg']
[0.076s] Level 1:colcon.colcon_core.package_identification:_identify(backend) by extension 'colcon_pkg'
[0.076s] Level 1:colcon.colcon_core.package_identification:_identify(backend) by extensions ['colcon_meta']
[0.076s] Level 1:colcon.colcon_core.package_identification:_identify(backend) by extension 'colcon_meta'
[0.076s] Level 1:colcon.colcon_core.package_identification:_identify(backend) by extensions ['ros']
[0.076s] Level 1:colcon.colcon_core.package_identification:_identify(backend) by extension 'ros'
[0.076s] Level 1:colcon.colcon_core.package_identification:_identify(backend) by extensions ['cmake', 'python']
[0.076s] Level 1:colcon.colcon_core.package_identification:_identify(backend) by extension 'cmake'
[0.076s] Level 1:colcon.colcon_core.package_identification:_identify(backend) by extension 'python'
[0.076s] Level 1:colcon.colcon_core.package_identification:_identify(backend) by extensions ['python_setup_py']
[0.076s] Level 1:colcon.colcon_core.package_identification:_identify(backend) by extension 'python_setup_py'
[0.076s] Level 1:colcon.colcon_core.package_identification:_identify(backend/app) by extensions ['ignore', 'ignore_ament_install']
[0.076s] Level 1:colcon.colcon_core.package_identification:_identify(backend/app) by extension 'ignore'
[0.076s] Level 1:colcon.colcon_core.package_identification:_identify(backend/app) by extension 'ignore_ament_install'
[0.076s] Level 1:colcon.colcon_core.package_identification:_identify(backend/app) by extensions ['colcon_pkg']
[0.076s] Level 1:colcon.colcon_core.package_identification:_identify(backend/app) by extension 'colcon_pkg'
[0.076s] Level 1:colcon.colcon_core.package_identification:_identify(backend/app) by extensions ['colcon_meta']
[0.076s] Level 1:colcon.colcon_core.package_identification:_identify(backend/app) by extension 'colcon_meta'
[0.076s] Level 1:colcon.colcon_core.package_identification:_identify(backend/app) by extensions ['ros']
[0.076s] Level 1:colcon.colcon_core.package_identification:_identify(backend/app) by extension 'ros'
[0.076s] Level 1:colcon.colcon_core.package_identification:_identify(backend/app) by extensions ['cmake', 'python']
[0.076s] Level 1:colcon.colcon_core.package_identification:_identify(backend/app) by extension 'cmake'
[0.076s] Level 1:colcon.colcon_core.package_identification:_identify(backend/app) by extension 'python'
[0.076s] Level 1:colcon.colcon_core.package_identification:_identify(backend/app) by extensions ['python_setup_py']
[0.076s] Level 1:colcon.colcon_core.package_identification:_identify(backend/app) by extension 'python_setup_py'
[0.076s] Level 1:colcon.colcon_core.package_identification:_identify(backend/app/api) by extensions ['ignore', 'ignore_ament_install']
[0.076s] Level 1:colcon.colcon_core.package_identification:_identify(backend/app/api) by extension 'ignore'
[0.076s] Level 1:colcon.colcon_core.package_identification:_identify(backend/app/api) by extension 'ignore_ament_install'
[0.076s] Level 1:colcon.colcon_core.package_identification:_identify(backend/app/api) by extensions ['colcon_pkg']
[0.076s] Level 1:colcon.colcon_core.package_identification:_identify(backend/app/api) by extension 'colcon_pkg'
[0.076s] Level 1:colcon.colcon_core.package_identification:_identify(backend/app/api) by extensions ['colcon_meta']
[0.076s] Level 1:colcon.colcon_core.package_identification:_identify(backend/app/api) by extension 'colcon_meta'
[0.076s] Level 1:colcon.colcon_core.package_identification:_identify(backend/app/api) by extensions ['ros']
[0.076s] Level 1:colcon.colcon_core.package_identification:_identify(backend/app/api) by extension 'ros'
[0.076s] Level 1:colcon.colcon_core.package_identification:_identify(backend/app/api) by extensions ['cmake', 'python']
[0.076s] Level 1:colcon.colcon_core.package_identification:_identify(backend/app/api) by extension 'cmake'
[0.076s] Level 1:colcon.colcon_core.package_identification:_identify(backend/app/api) by extension 'python'
[0.076s] Level 1:colcon.colcon_core.package_identification:_identify(backend/app/api) by extensions ['python_setup_py']
[0.076s] Level 1:colcon.colcon_core.package_identification:_identify(backend/app/api) by extension 'python_setup_py'
[0.076s] Level 1:colcon.colcon_core.package_identification:_identify(backend/app/models) by extensions ['ignore', 'ignore_ament_install']
[0.076s] Level 1:colcon.colcon_core.package_identification:_identify(backend/app/models) by extension 'ignore'
[0.076s] Level 1:colcon.colcon_core.package_identification:_identify(backend/app/models) by extension 'ignore_ament_install'
[0.076s] Level 1:colcon.colcon_core.package_identification:_identify(backend/app/models) by extensions ['colcon_pkg']
[0.076s] Level 1:colcon.colcon_core.package_identification:_identify(backend/app/models) by extension 'colcon_pkg'
[0.076s] Level 1:colcon.colcon_core.package_identification:_identify(backend/app/models) by extensions ['colcon_meta']
[0.077s] Level 1:colcon.colcon_core.package_identification:_identify(backend/app/models) by extension 'colcon_meta'
[0.077s] Level 1:colcon.colcon_core.package_identification:_identify(backend/app/models) by extensions ['ros']
[0.077s] Level 1:colcon.colcon_core.package_identification:_identify(backend/app/models) by extension 'ros'
[0.077s] Level 1:colcon.colcon_core.package_identification:_identify(backend/app/models) by extensions ['cmake', 'python']
[0.077s] Level 1:colcon.colcon_core.package_identification:_identify(backend/app/models) by extension 'cmake'
[0.077s] Level 1:colcon.colcon_core.package_identification:_identify(backend/app/models) by extension 'python'
[0.077s] Level 1:colcon.colcon_core.package_identification:_identify(backend/app/models) by extensions ['python_setup_py']
[0.077s] Level 1:colcon.colcon_core.package_identification:_identify(backend/app/models) by extension 'python_setup_py'
[0.077s] Level 1:colcon.colcon_core.package_identification:_identify(backend/app/services) by extensions ['ignore', 'ignore_ament_install']
[0.077s] Level 1:colcon.colcon_core.package_identification:_identify(backend/app/services) by extension 'ignore'
[0.077s] Level 1:colcon.colcon_core.package_identification:_identify(backend/app/services) by extension 'ignore_ament_install'
[0.077s] Level 1:colcon.colcon_core.package_identification:_identify(backend/app/services) by extensions ['colcon_pkg']
[0.077s] Level 1:colcon.colcon_core.package_identification:_identify(backend/app/services) by extension 'colcon_pkg'
[0.077s] Level 1:colcon.colcon_core.package_identification:_identify(backend/app/services) by extensions ['colcon_meta']
[0.077s] Level 1:colcon.colcon_core.package_identification:_identify(backend/app/services) by extension 'colcon_meta'
[0.077s] Level 1:colcon.colcon_core.package_identification:_identify(backend/app/services) by extensions ['ros']
[0.077s] Level 1:colcon.colcon_core.package_identification:_identify(backend/app/services) by extension 'ros'
[0.077s] Level 1:colcon.colcon_core.package_identification:_identify(backend/app/services) by extensions ['cmake', 'python']
[0.077s] Level 1:colcon.colcon_core.package_identification:_identify(backend/app/services) by extension 'cmake'
[0.077s] Level 1:colcon.colcon_core.package_identification:_identify(backend/app/services) by extension 'python'
[0.077s] Level 1:colcon.colcon_core.package_identification:_identify(backend/app/services) by extensions ['python_setup_py']
[0.077s] Level 1:colcon.colcon_core.package_identification:_identify(backend/app/services) by extension 'python_setup_py'
[0.077s] Level 1:colcon.colcon_core.package_identification:_identify(build) by extensions ['ignore', 'ignore_ament_install']
[0.077s] Level 1:colcon.colcon_core.package_identification:_identify(build) by extension 'ignore'
[0.077s] Level 1:colcon.colcon_core.package_identification:_identify(build) ignored
[0.077s] Level 1:colcon.colcon_core.package_identification:_identify(docs) by extensions ['ignore', 'ignore_ament_install']
[0.077s] Level 1:colcon.colcon_core.package_identification:_identify(docs) by extension 'ignore'
[0.077s] Level 1:colcon.colcon_core.package_identification:_identify(docs) by extension 'ignore_ament_install'
[0.077s] Level 1:colcon.colcon_core.package_identification:_identify(docs) by extensions ['colcon_pkg']
[0.077s] Level 1:colcon.colcon_core.package_identification:_identify(docs) by extension 'colcon_pkg'
[0.077s] Level 1:colcon.colcon_core.package_identification:_identify(docs) by extensions ['colcon_meta']
[0.077s] Level 1:colcon.colcon_core.package_identification:_identify(docs) by extension 'colcon_meta'
[0.077s] Level 1:colcon.colcon_core.package_identification:_identify(docs) by extensions ['ros']
[0.077s] Level 1:colcon.colcon_core.package_identification:_identify(docs) by extension 'ros'
[0.077s] Level 1:colcon.colcon_core.package_identification:_identify(docs) by extensions ['cmake', 'python']
[0.077s] Level 1:colcon.colcon_core.package_identification:_identify(docs) by extension 'cmake'
[0.077s] Level 1:colcon.colcon_core.package_identification:_identify(docs) by extension 'python'
[0.077s] Level 1:colcon.colcon_core.package_identification:_identify(docs) by extensions ['python_setup_py']
[0.077s] Level 1:colcon.colcon_core.package_identification:_identify(docs) by extension 'python_setup_py'
[0.077s] Level 1:colcon.colcon_core.package_identification:_identify(docs/architecture) by extensions ['ignore', 'ignore_ament_install']
[0.077s] Level 1:colcon.colcon_core.package_identification:_identify(docs/architecture) by extension 'ignore'
[0.077s] Level 1:colcon.colcon_core.package_identification:_identify(docs/architecture) by extension 'ignore_ament_install'
[0.077s] Level 1:colcon.colcon_core.package_identification:_identify(docs/architecture) by extensions ['colcon_pkg']
[0.077s] Level 1:colcon.colcon_core.package_identification:_identify(docs/architecture) by extension 'colcon_pkg'
[0.077s] Level 1:colcon.colcon_core.package_identification:_identify(docs/architecture) by extensions ['colcon_meta']
[0.077s] Level 1:colcon.colcon_core.package_identification:_identify(docs/architecture) by extension 'colcon_meta'
[0.077s] Level 1:colcon.colcon_core.package_identification:_identify(docs/architecture) by extensions ['ros']
[0.077s] Level 1:colcon.colcon_core.package_identification:_identify(docs/architecture) by extension 'ros'
[0.077s] Level 1:colcon.colcon_core.package_identification:_identify(docs/architecture) by extensions ['cmake', 'python']
[0.077s] Level 1:colcon.colcon_core.package_identification:_identify(docs/architecture) by extension 'cmake'
[0.077s] Level 1:colcon.colcon_core.package_identification:_identify(docs/architecture) by extension 'python'
[0.077s] Level 1:colcon.colcon_core.package_identification:_identify(docs/architecture) by extensions ['python_setup_py']
[0.077s] Level 1:colcon.colcon_core.package_identification:_identify(docs/architecture) by extension 'python_setup_py'
[0.077s] Level 1:colcon.colcon_core.package_identification:_identify(docs/scenario) by extensions ['ignore', 'ignore_ament_install']
[0.078s] Level 1:colcon.colcon_core.package_identification:_identify(docs/scenario) by extension 'ignore'
[0.078s] Level 1:colcon.colcon_core.package_identification:_identify(docs/scenario) by extension 'ignore_ament_install'
[0.078s] Level 1:colcon.colcon_core.package_identification:_identify(docs/scenario) by extensions ['colcon_pkg']
[0.078s] Level 1:colcon.colcon_core.package_identification:_identify(docs/scenario) by extension 'colcon_pkg'
[0.078s] Level 1:colcon.colcon_core.package_identification:_identify(docs/scenario) by extensions ['colcon_meta']
[0.078s] Level 1:colcon.colcon_core.package_identification:_identify(docs/scenario) by extension 'colcon_meta'
[0.078s] Level 1:colcon.colcon_core.package_identification:_identify(docs/scenario) by extensions ['ros']
[0.078s] Level 1:colcon.colcon_core.package_identification:_identify(docs/scenario) by extension 'ros'
[0.078s] Level 1:colcon.colcon_core.package_identification:_identify(docs/scenario) by extensions ['cmake', 'python']
[0.078s] Level 1:colcon.colcon_core.package_identification:_identify(docs/scenario) by extension 'cmake'
[0.078s] Level 1:colcon.colcon_core.package_identification:_identify(docs/scenario) by extension 'python'
[0.078s] Level 1:colcon.colcon_core.package_identification:_identify(docs/scenario) by extensions ['python_setup_py']
[0.078s] Level 1:colcon.colcon_core.package_identification:_identify(docs/scenario) by extension 'python_setup_py'
[0.078s] Level 1:colcon.colcon_core.package_identification:_identify(docs/team) by extensions ['ignore', 'ignore_ament_install']
[0.078s] Level 1:colcon.colcon_core.package_identification:_identify(docs/team) by extension 'ignore'
[0.078s] Level 1:colcon.colcon_core.package_identification:_identify(docs/team) by extension 'ignore_ament_install'
[0.078s] Level 1:colcon.colcon_core.package_identification:_identify(docs/team) by extensions ['colcon_pkg']
[0.078s] Level 1:colcon.colcon_core.package_identification:_identify(docs/team) by extension 'colcon_pkg'
[0.078s] Level 1:colcon.colcon_core.package_identification:_identify(docs/team) by extensions ['colcon_meta']
[0.078s] Level 1:colcon.colcon_core.package_identification:_identify(docs/team) by extension 'colcon_meta'
[0.078s] Level 1:colcon.colcon_core.package_identification:_identify(docs/team) by extensions ['ros']
[0.078s] Level 1:colcon.colcon_core.package_identification:_identify(docs/team) by extension 'ros'
[0.078s] Level 1:colcon.colcon_core.package_identification:_identify(docs/team) by extensions ['cmake', 'python']
[0.078s] Level 1:colcon.colcon_core.package_identification:_identify(docs/team) by extension 'cmake'
[0.078s] Level 1:colcon.colcon_core.package_identification:_identify(docs/team) by extension 'python'
[0.078s] Level 1:colcon.colcon_core.package_identification:_identify(docs/team) by extensions ['python_setup_py']
[0.078s] Level 1:colcon.colcon_core.package_identification:_identify(docs/team) by extension 'python_setup_py'
[0.078s] Level 1:colcon.colcon_core.package_identification:_identify(frontend) by extensions ['ignore', 'ignore_ament_install']
[0.078s] Level 1:colcon.colcon_core.package_identification:_identify(frontend) by extension 'ignore'
[0.078s] Level 1:colcon.colcon_core.package_identification:_identify(frontend) by extension 'ignore_ament_install'
[0.078s] Level 1:colcon.colcon_core.package_identification:_identify(frontend) by extensions ['colcon_pkg']
[0.078s] Level 1:colcon.colcon_core.package_identification:_identify(frontend) by extension 'colcon_pkg'
[0.078s] Level 1:colcon.colcon_core.package_identification:_identify(frontend) by extensions ['colcon_meta']
[0.078s] Level 1:colcon.colcon_core.package_identification:_identify(frontend) by extension 'colcon_meta'
[0.078s] Level 1:colcon.colcon_core.package_identification:_identify(frontend) by extensions ['ros']
[0.078s] Level 1:colcon.colcon_core.package_identification:_identify(frontend) by extension 'ros'
[0.078s] Level 1:colcon.colcon_core.package_identification:_identify(frontend) by extensions ['cmake', 'python']
[0.078s] Level 1:colcon.colcon_core.package_identification:_identify(frontend) by extension 'cmake'
[0.078s] Level 1:colcon.colcon_core.package_identification:_identify(frontend) by extension 'python'
[0.078s] Level 1:colcon.colcon_core.package_identification:_identify(frontend) by extensions ['python_setup_py']
[0.078s] Level 1:colcon.colcon_core.package_identification:_identify(frontend) by extension 'python_setup_py'
[0.078s] Level 1:colcon.colcon_core.package_identification:_identify(frontend/src) by extensions ['ignore', 'ignore_ament_install']
[0.078s] Level 1:colcon.colcon_core.package_identification:_identify(frontend/src) by extension 'ignore'
[0.078s] Level 1:colcon.colcon_core.package_identification:_identify(frontend/src) by extension 'ignore_ament_install'
[0.078s] Level 1:colcon.colcon_core.package_identification:_identify(frontend/src) by extensions ['colcon_pkg']
[0.078s] Level 1:colcon.colcon_core.package_identification:_identify(frontend/src) by extension 'colcon_pkg'
[0.078s] Level 1:colcon.colcon_core.package_identification:_identify(frontend/src) by extensions ['colcon_meta']
[0.078s] Level 1:colcon.colcon_core.package_identification:_identify(frontend/src) by extension 'colcon_meta'
[0.078s] Level 1:colcon.colcon_core.package_identification:_identify(frontend/src) by extensions ['ros']
[0.078s] Level 1:colcon.colcon_core.package_identification:_identify(frontend/src) by extension 'ros'
[0.078s] Level 1:colcon.colcon_core.package_identification:_identify(frontend/src) by extensions ['cmake', 'python']
[0.078s] Level 1:colcon.colcon_core.package_identification:_identify(frontend/src) by extension 'cmake'
[0.078s] Level 1:colcon.colcon_core.package_identification:_identify(frontend/src) by extension 'python'
[0.078s] Level 1:colcon.colcon_core.package_identification:_identify(frontend/src) by extensions ['python_setup_py']
[0.078s] Level 1:colcon.colcon_core.package_identification:_identify(frontend/src) by extension 'python_setup_py'
[0.078s] Level 1:colcon.colcon_core.package_identification:_identify(install) by extensions ['ignore', 'ignore_ament_install']
[0.078s] Level 1:colcon.colcon_core.package_identification:_identify(install) by extension 'ignore'
[0.078s] Level 1:colcon.colcon_core.package_identification:_identify(install) ignored
[0.078s] Level 1:colcon.colcon_core.package_identification:_identify(isaac_sim) by extensions ['ignore', 'ignore_ament_install']
[0.079s] Level 1:colcon.colcon_core.package_identification:_identify(isaac_sim) by extension 'ignore'
[0.079s] Level 1:colcon.colcon_core.package_identification:_identify(isaac_sim) by extension 'ignore_ament_install'
[0.079s] Level 1:colcon.colcon_core.package_identification:_identify(isaac_sim) by extensions ['colcon_pkg']
[0.079s] Level 1:colcon.colcon_core.package_identification:_identify(isaac_sim) by extension 'colcon_pkg'
[0.079s] Level 1:colcon.colcon_core.package_identification:_identify(isaac_sim) by extensions ['colcon_meta']
[0.079s] Level 1:colcon.colcon_core.package_identification:_identify(isaac_sim) by extension 'colcon_meta'
[0.079s] Level 1:colcon.colcon_core.package_identification:_identify(isaac_sim) by extensions ['ros']
[0.079s] Level 1:colcon.colcon_core.package_identification:_identify(isaac_sim) by extension 'ros'
[0.079s] Level 1:colcon.colcon_core.package_identification:_identify(isaac_sim) by extensions ['cmake', 'python']
[0.079s] Level 1:colcon.colcon_core.package_identification:_identify(isaac_sim) by extension 'cmake'
[0.079s] Level 1:colcon.colcon_core.package_identification:_identify(isaac_sim) by extension 'python'
[0.079s] Level 1:colcon.colcon_core.package_identification:_identify(isaac_sim) by extensions ['python_setup_py']
[0.079s] Level 1:colcon.colcon_core.package_identification:_identify(isaac_sim) by extension 'python_setup_py'
[0.079s] Level 1:colcon.colcon_core.package_identification:_identify(isaac_sim/__pycache__) by extensions ['ignore', 'ignore_ament_install']
[0.079s] Level 1:colcon.colcon_core.package_identification:_identify(isaac_sim/__pycache__) by extension 'ignore'
[0.079s] Level 1:colcon.colcon_core.package_identification:_identify(isaac_sim/__pycache__) by extension 'ignore_ament_install'
[0.079s] Level 1:colcon.colcon_core.package_identification:_identify(isaac_sim/__pycache__) by extensions ['colcon_pkg']
[0.079s] Level 1:colcon.colcon_core.package_identification:_identify(isaac_sim/__pycache__) by extension 'colcon_pkg'
[0.079s] Level 1:colcon.colcon_core.package_identification:_identify(isaac_sim/__pycache__) by extensions ['colcon_meta']
[0.079s] Level 1:colcon.colcon_core.package_identification:_identify(isaac_sim/__pycache__) by extension 'colcon_meta'
[0.079s] Level 1:colcon.colcon_core.package_identification:_identify(isaac_sim/__pycache__) by extensions ['ros']
[0.079s] Level 1:colcon.colcon_core.package_identification:_identify(isaac_sim/__pycache__) by extension 'ros'
[0.079s] Level 1:colcon.colcon_core.package_identification:_identify(isaac_sim/__pycache__) by extensions ['cmake', 'python']
[0.079s] Level 1:colcon.colcon_core.package_identification:_identify(isaac_sim/__pycache__) by extension 'cmake'
[0.079s] Level 1:colcon.colcon_core.package_identification:_identify(isaac_sim/__pycache__) by extension 'python'
[0.079s] Level 1:colcon.colcon_core.package_identification:_identify(isaac_sim/__pycache__) by extensions ['python_setup_py']
[0.079s] Level 1:colcon.colcon_core.package_identification:_identify(isaac_sim/__pycache__) by extension 'python_setup_py'
[0.079s] Level 1:colcon.colcon_core.package_identification:_identify(isaac_sim/assets) by extensions ['ignore', 'ignore_ament_install']
[0.079s] Level 1:colcon.colcon_core.package_identification:_identify(isaac_sim/assets) by extension 'ignore'
[0.079s] Level 1:colcon.colcon_core.package_identification:_identify(isaac_sim/assets) by extension 'ignore_ament_install'
[0.079s] Level 1:colcon.colcon_core.package_identification:_identify(isaac_sim/assets) by extensions ['colcon_pkg']
[0.079s] Level 1:colcon.colcon_core.package_identification:_identify(isaac_sim/assets) by extension 'colcon_pkg'
[0.079s] Level 1:colcon.colcon_core.package_identification:_identify(isaac_sim/assets) by extensions ['colcon_meta']
[0.079s] Level 1:colcon.colcon_core.package_identification:_identify(isaac_sim/assets) by extension 'colcon_meta'
[0.079s] Level 1:colcon.colcon_core.package_identification:_identify(isaac_sim/assets) by extensions ['ros']
[0.079s] Level 1:colcon.colcon_core.package_identification:_identify(isaac_sim/assets) by extension 'ros'
[0.079s] Level 1:colcon.colcon_core.package_identification:_identify(isaac_sim/assets) by extensions ['cmake', 'python']
[0.079s] Level 1:colcon.colcon_core.package_identification:_identify(isaac_sim/assets) by extension 'cmake'
[0.079s] Level 1:colcon.colcon_core.package_identification:_identify(isaac_sim/assets) by extension 'python'
[0.079s] Level 1:colcon.colcon_core.package_identification:_identify(isaac_sim/assets) by extensions ['python_setup_py']
[0.079s] Level 1:colcon.colcon_core.package_identification:_identify(isaac_sim/assets) by extension 'python_setup_py'
[0.079s] Level 1:colcon.colcon_core.package_identification:_identify(isaac_sim/assets/boxes) by extensions ['ignore', 'ignore_ament_install']
[0.079s] Level 1:colcon.colcon_core.package_identification:_identify(isaac_sim/assets/boxes) by extension 'ignore'
[0.079s] Level 1:colcon.colcon_core.package_identification:_identify(isaac_sim/assets/boxes) by extension 'ignore_ament_install'
[0.079s] Level 1:colcon.colcon_core.package_identification:_identify(isaac_sim/assets/boxes) by extensions ['colcon_pkg']
[0.079s] Level 1:colcon.colcon_core.package_identification:_identify(isaac_sim/assets/boxes) by extension 'colcon_pkg'
[0.079s] Level 1:colcon.colcon_core.package_identification:_identify(isaac_sim/assets/boxes) by extensions ['colcon_meta']
[0.079s] Level 1:colcon.colcon_core.package_identification:_identify(isaac_sim/assets/boxes) by extension 'colcon_meta'
[0.079s] Level 1:colcon.colcon_core.package_identification:_identify(isaac_sim/assets/boxes) by extensions ['ros']
[0.079s] Level 1:colcon.colcon_core.package_identification:_identify(isaac_sim/assets/boxes) by extension 'ros'
[0.079s] Level 1:colcon.colcon_core.package_identification:_identify(isaac_sim/assets/boxes) by extensions ['cmake', 'python']
[0.079s] Level 1:colcon.colcon_core.package_identification:_identify(isaac_sim/assets/boxes) by extension 'cmake'
[0.079s] Level 1:colcon.colcon_core.package_identification:_identify(isaac_sim/assets/boxes) by extension 'python'
[0.079s] Level 1:colcon.colcon_core.package_identification:_identify(isaac_sim/assets/boxes) by extensions ['python_setup_py']
[0.079s] Level 1:colcon.colcon_core.package_identification:_identify(isaac_sim/assets/boxes) by extension 'python_setup_py'
[0.079s] Level 1:colcon.colcon_core.package_identification:_identify(isaac_sim/assets/conveyor) by extensions ['ignore', 'ignore_ament_install']
[0.079s] Level 1:colcon.colcon_core.package_identification:_identify(isaac_sim/assets/conveyor) by extension 'ignore'
[0.080s] Level 1:colcon.colcon_core.package_identification:_identify(isaac_sim/assets/conveyor) by extension 'ignore_ament_install'
[0.080s] Level 1:colcon.colcon_core.package_identification:_identify(isaac_sim/assets/conveyor) by extensions ['colcon_pkg']
[0.080s] Level 1:colcon.colcon_core.package_identification:_identify(isaac_sim/assets/conveyor) by extension 'colcon_pkg'
[0.080s] Level 1:colcon.colcon_core.package_identification:_identify(isaac_sim/assets/conveyor) by extensions ['colcon_meta']
[0.080s] Level 1:colcon.colcon_core.package_identification:_identify(isaac_sim/assets/conveyor) by extension 'colcon_meta'
[0.080s] Level 1:colcon.colcon_core.package_identification:_identify(isaac_sim/assets/conveyor) by extensions ['ros']
[0.080s] Level 1:colcon.colcon_core.package_identification:_identify(isaac_sim/assets/conveyor) by extension 'ros'
[0.080s] Level 1:colcon.colcon_core.package_identification:_identify(isaac_sim/assets/conveyor) by extensions ['cmake', 'python']
[0.080s] Level 1:colcon.colcon_core.package_identification:_identify(isaac_sim/assets/conveyor) by extension 'cmake'
[0.080s] Level 1:colcon.colcon_core.package_identification:_identify(isaac_sim/assets/conveyor) by extension 'python'
[0.080s] Level 1:colcon.colcon_core.package_identification:_identify(isaac_sim/assets/conveyor) by extensions ['python_setup_py']
[0.080s] Level 1:colcon.colcon_core.package_identification:_identify(isaac_sim/assets/conveyor) by extension 'python_setup_py'
[0.080s] Level 1:colcon.colcon_core.package_identification:_identify(isaac_sim/assets/forklift_b) by extensions ['ignore', 'ignore_ament_install']
[0.080s] Level 1:colcon.colcon_core.package_identification:_identify(isaac_sim/assets/forklift_b) by extension 'ignore'
[0.080s] Level 1:colcon.colcon_core.package_identification:_identify(isaac_sim/assets/forklift_b) by extension 'ignore_ament_install'
[0.080s] Level 1:colcon.colcon_core.package_identification:_identify(isaac_sim/assets/forklift_b) by extensions ['colcon_pkg']
[0.080s] Level 1:colcon.colcon_core.package_identification:_identify(isaac_sim/assets/forklift_b) by extension 'colcon_pkg'
[0.080s] Level 1:colcon.colcon_core.package_identification:_identify(isaac_sim/assets/forklift_b) by extensions ['colcon_meta']
[0.080s] Level 1:colcon.colcon_core.package_identification:_identify(isaac_sim/assets/forklift_b) by extension 'colcon_meta'
[0.080s] Level 1:colcon.colcon_core.package_identification:_identify(isaac_sim/assets/forklift_b) by extensions ['ros']
[0.080s] Level 1:colcon.colcon_core.package_identification:_identify(isaac_sim/assets/forklift_b) by extension 'ros'
[0.080s] Level 1:colcon.colcon_core.package_identification:_identify(isaac_sim/assets/forklift_b) by extensions ['cmake', 'python']
[0.080s] Level 1:colcon.colcon_core.package_identification:_identify(isaac_sim/assets/forklift_b) by extension 'cmake'
[0.080s] Level 1:colcon.colcon_core.package_identification:_identify(isaac_sim/assets/forklift_b) by extension 'python'
[0.080s] Level 1:colcon.colcon_core.package_identification:_identify(isaac_sim/assets/forklift_b) by extensions ['python_setup_py']
[0.080s] Level 1:colcon.colcon_core.package_identification:_identify(isaac_sim/assets/forklift_b) by extension 'python_setup_py'
[0.080s] Level 1:colcon.colcon_core.package_identification:_identify(isaac_sim/assets/p3020) by extensions ['ignore', 'ignore_ament_install']
[0.080s] Level 1:colcon.colcon_core.package_identification:_identify(isaac_sim/assets/p3020) by extension 'ignore'
[0.080s] Level 1:colcon.colcon_core.package_identification:_identify(isaac_sim/assets/p3020) by extension 'ignore_ament_install'
[0.080s] Level 1:colcon.colcon_core.package_identification:_identify(isaac_sim/assets/p3020) by extensions ['colcon_pkg']
[0.080s] Level 1:colcon.colcon_core.package_identification:_identify(isaac_sim/assets/p3020) by extension 'colcon_pkg'
[0.080s] Level 1:colcon.colcon_core.package_identification:_identify(isaac_sim/assets/p3020) by extensions ['colcon_meta']
[0.080s] Level 1:colcon.colcon_core.package_identification:_identify(isaac_sim/assets/p3020) by extension 'colcon_meta'
[0.080s] Level 1:colcon.colcon_core.package_identification:_identify(isaac_sim/assets/p3020) by extensions ['ros']
[0.080s] Level 1:colcon.colcon_core.package_identification:_identify(isaac_sim/assets/p3020) by extension 'ros'
[0.080s] Level 1:colcon.colcon_core.package_identification:_identify(isaac_sim/assets/p3020) by extensions ['cmake', 'python']
[0.080s] Level 1:colcon.colcon_core.package_identification:_identify(isaac_sim/assets/p3020) by extension 'cmake'
[0.080s] Level 1:colcon.colcon_core.package_identification:_identify(isaac_sim/assets/p3020) by extension 'python'
[0.080s] Level 1:colcon.colcon_core.package_identification:_identify(isaac_sim/assets/p3020) by extensions ['python_setup_py']
[0.080s] Level 1:colcon.colcon_core.package_identification:_identify(isaac_sim/assets/p3020) by extension 'python_setup_py'
[0.080s] Level 1:colcon.colcon_core.package_identification:_identify(isaac_sim/assets/p3020/P3020_mount_vgp20) by extensions ['ignore', 'ignore_ament_install']
[0.080s] Level 1:colcon.colcon_core.package_identification:_identify(isaac_sim/assets/p3020/P3020_mount_vgp20) by extension 'ignore'
[0.080s] Level 1:colcon.colcon_core.package_identification:_identify(isaac_sim/assets/p3020/P3020_mount_vgp20) by extension 'ignore_ament_install'
[0.080s] Level 1:colcon.colcon_core.package_identification:_identify(isaac_sim/assets/p3020/P3020_mount_vgp20) by extensions ['colcon_pkg']
[0.080s] Level 1:colcon.colcon_core.package_identification:_identify(isaac_sim/assets/p3020/P3020_mount_vgp20) by extension 'colcon_pkg'
[0.080s] Level 1:colcon.colcon_core.package_identification:_identify(isaac_sim/assets/p3020/P3020_mount_vgp20) by extensions ['colcon_meta']
[0.080s] Level 1:colcon.colcon_core.package_identification:_identify(isaac_sim/assets/p3020/P3020_mount_vgp20) by extension 'colcon_meta'
[0.080s] Level 1:colcon.colcon_core.package_identification:_identify(isaac_sim/assets/p3020/P3020_mount_vgp20) by extensions ['ros']
[0.080s] Level 1:colcon.colcon_core.package_identification:_identify(isaac_sim/assets/p3020/P3020_mount_vgp20) by extension 'ros'
[0.080s] Level 1:colcon.colcon_core.package_identification:_identify(isaac_sim/assets/p3020/P3020_mount_vgp20) by extensions ['cmake', 'python']
[0.080s] Level 1:colcon.colcon_core.package_identification:_identify(isaac_sim/assets/p3020/P3020_mount_vgp20) by extension 'cmake'
[0.080s] Level 1:colcon.colcon_core.package_identification:_identify(isaac_sim/assets/p3020/P3020_mount_vgp20) by extension 'python'
[0.080s] Level 1:colcon.colcon_core.package_identification:_identify(isaac_sim/assets/p3020/P3020_mount_vgp20) by extensions ['python_setup_py']
[0.080s] Level 1:colcon.colcon_core.package_identification:_identify(isaac_sim/assets/p3020/P3020_mount_vgp20) by extension 'python_setup_py'
[0.080s] Level 1:colcon.colcon_core.package_identification:_identify(isaac_sim/assets/p3020/P3020_mount_vgp20/SubUSDs) by extensions ['ignore', 'ignore_ament_install']
[0.080s] Level 1:colcon.colcon_core.package_identification:_identify(isaac_sim/assets/p3020/P3020_mount_vgp20/SubUSDs) by extension 'ignore'
[0.080s] Level 1:colcon.colcon_core.package_identification:_identify(isaac_sim/assets/p3020/P3020_mount_vgp20/SubUSDs) by extension 'ignore_ament_install'
[0.081s] Level 1:colcon.colcon_core.package_identification:_identify(isaac_sim/assets/p3020/P3020_mount_vgp20/SubUSDs) by extensions ['colcon_pkg']
[0.081s] Level 1:colcon.colcon_core.package_identification:_identify(isaac_sim/assets/p3020/P3020_mount_vgp20/SubUSDs) by extension 'colcon_pkg'
[0.081s] Level 1:colcon.colcon_core.package_identification:_identify(isaac_sim/assets/p3020/P3020_mount_vgp20/SubUSDs) by extensions ['colcon_meta']
[0.081s] Level 1:colcon.colcon_core.package_identification:_identify(isaac_sim/assets/p3020/P3020_mount_vgp20/SubUSDs) by extension 'colcon_meta'
[0.081s] Level 1:colcon.colcon_core.package_identification:_identify(isaac_sim/assets/p3020/P3020_mount_vgp20/SubUSDs) by extensions ['ros']
[0.081s] Level 1:colcon.colcon_core.package_identification:_identify(isaac_sim/assets/p3020/P3020_mount_vgp20/SubUSDs) by extension 'ros'
[0.081s] Level 1:colcon.colcon_core.package_identification:_identify(isaac_sim/assets/p3020/P3020_mount_vgp20/SubUSDs) by extensions ['cmake', 'python']
[0.081s] Level 1:colcon.colcon_core.package_identification:_identify(isaac_sim/assets/p3020/P3020_mount_vgp20/SubUSDs) by extension 'cmake'
[0.081s] Level 1:colcon.colcon_core.package_identification:_identify(isaac_sim/assets/p3020/P3020_mount_vgp20/SubUSDs) by extension 'python'
[0.081s] Level 1:colcon.colcon_core.package_identification:_identify(isaac_sim/assets/p3020/P3020_mount_vgp20/SubUSDs) by extensions ['python_setup_py']
[0.081s] Level 1:colcon.colcon_core.package_identification:_identify(isaac_sim/assets/p3020/P3020_mount_vgp20/SubUSDs) by extension 'python_setup_py'
[0.081s] Level 1:colcon.colcon_core.package_identification:_identify(isaac_sim/assets/p3020/P3020_mount_vgp20_rsd455_1) by extensions ['ignore', 'ignore_ament_install']
[0.081s] Level 1:colcon.colcon_core.package_identification:_identify(isaac_sim/assets/p3020/P3020_mount_vgp20_rsd455_1) by extension 'ignore'
[0.081s] Level 1:colcon.colcon_core.package_identification:_identify(isaac_sim/assets/p3020/P3020_mount_vgp20_rsd455_1) by extension 'ignore_ament_install'
[0.081s] Level 1:colcon.colcon_core.package_identification:_identify(isaac_sim/assets/p3020/P3020_mount_vgp20_rsd455_1) by extensions ['colcon_pkg']
[0.081s] Level 1:colcon.colcon_core.package_identification:_identify(isaac_sim/assets/p3020/P3020_mount_vgp20_rsd455_1) by extension 'colcon_pkg'
[0.081s] Level 1:colcon.colcon_core.package_identification:_identify(isaac_sim/assets/p3020/P3020_mount_vgp20_rsd455_1) by extensions ['colcon_meta']
[0.081s] Level 1:colcon.colcon_core.package_identification:_identify(isaac_sim/assets/p3020/P3020_mount_vgp20_rsd455_1) by extension 'colcon_meta'
[0.081s] Level 1:colcon.colcon_core.package_identification:_identify(isaac_sim/assets/p3020/P3020_mount_vgp20_rsd455_1) by extensions ['ros']
[0.081s] Level 1:colcon.colcon_core.package_identification:_identify(isaac_sim/assets/p3020/P3020_mount_vgp20_rsd455_1) by extension 'ros'
[0.081s] Level 1:colcon.colcon_core.package_identification:_identify(isaac_sim/assets/p3020/P3020_mount_vgp20_rsd455_1) by extensions ['cmake', 'python']
[0.081s] Level 1:colcon.colcon_core.package_identification:_identify(isaac_sim/assets/p3020/P3020_mount_vgp20_rsd455_1) by extension 'cmake'
[0.081s] Level 1:colcon.colcon_core.package_identification:_identify(isaac_sim/assets/p3020/P3020_mount_vgp20_rsd455_1) by extension 'python'
[0.081s] Level 1:colcon.colcon_core.package_identification:_identify(isaac_sim/assets/p3020/P3020_mount_vgp20_rsd455_1) by extensions ['python_setup_py']
[0.081s] Level 1:colcon.colcon_core.package_identification:_identify(isaac_sim/assets/p3020/P3020_mount_vgp20_rsd455_1) by extension 'python_setup_py'
[0.081s] Level 1:colcon.colcon_core.package_identification:_identify(isaac_sim/assets/p3020/P3020_mount_vgp20_rsd455_1/SubUSDs) by extensions ['ignore', 'ignore_ament_install']
[0.081s] Level 1:colcon.colcon_core.package_identification:_identify(isaac_sim/assets/p3020/P3020_mount_vgp20_rsd455_1/SubUSDs) by extension 'ignore'
[0.081s] Level 1:colcon.colcon_core.package_identification:_identify(isaac_sim/assets/p3020/P3020_mount_vgp20_rsd455_1/SubUSDs) by extension 'ignore_ament_install'
[0.081s] Level 1:colcon.colcon_core.package_identification:_identify(isaac_sim/assets/p3020/P3020_mount_vgp20_rsd455_1/SubUSDs) by extensions ['colcon_pkg']
[0.081s] Level 1:colcon.colcon_core.package_identification:_identify(isaac_sim/assets/p3020/P3020_mount_vgp20_rsd455_1/SubUSDs) by extension 'colcon_pkg'
[0.081s] Level 1:colcon.colcon_core.package_identification:_identify(isaac_sim/assets/p3020/P3020_mount_vgp20_rsd455_1/SubUSDs) by extensions ['colcon_meta']
[0.081s] Level 1:colcon.colcon_core.package_identification:_identify(isaac_sim/assets/p3020/P3020_mount_vgp20_rsd455_1/SubUSDs) by extension 'colcon_meta'
[0.081s] Level 1:colcon.colcon_core.package_identification:_identify(isaac_sim/assets/p3020/P3020_mount_vgp20_rsd455_1/SubUSDs) by extensions ['ros']
[0.081s] Level 1:colcon.colcon_core.package_identification:_identify(isaac_sim/assets/p3020/P3020_mount_vgp20_rsd455_1/SubUSDs) by extension 'ros'
[0.081s] Level 1:colcon.colcon_core.package_identification:_identify(isaac_sim/assets/p3020/P3020_mount_vgp20_rsd455_1/SubUSDs) by extensions ['cmake', 'python']
[0.081s] Level 1:colcon.colcon_core.package_identification:_identify(isaac_sim/assets/p3020/P3020_mount_vgp20_rsd455_1/SubUSDs) by extension 'cmake'
[0.081s] Level 1:colcon.colcon_core.package_identification:_identify(isaac_sim/assets/p3020/P3020_mount_vgp20_rsd455_1/SubUSDs) by extension 'python'
[0.081s] Level 1:colcon.colcon_core.package_identification:_identify(isaac_sim/assets/p3020/P3020_mount_vgp20_rsd455_1/SubUSDs) by extensions ['python_setup_py']
[0.081s] Level 1:colcon.colcon_core.package_identification:_identify(isaac_sim/assets/p3020/P3020_mount_vgp20_rsd455_1/SubUSDs) by extension 'python_setup_py'
[0.081s] Level 1:colcon.colcon_core.package_identification:_identify(isaac_sim/assets/p3020/P3020_mount_vgp20_rsd455_1/SubUSDs/materials) by extensions ['ignore', 'ignore_ament_install']
[0.081s] Level 1:colcon.colcon_core.package_identification:_identify(isaac_sim/assets/p3020/P3020_mount_vgp20_rsd455_1/SubUSDs/materials) by extension 'ignore'
[0.081s] Level 1:colcon.colcon_core.package_identification:_identify(isaac_sim/assets/p3020/P3020_mount_vgp20_rsd455_1/SubUSDs/materials) by extension 'ignore_ament_install'
[0.081s] Level 1:colcon.colcon_core.package_identification:_identify(isaac_sim/assets/p3020/P3020_mount_vgp20_rsd455_1/SubUSDs/materials) by extensions ['colcon_pkg']
[0.081s] Level 1:colcon.colcon_core.package_identification:_identify(isaac_sim/assets/p3020/P3020_mount_vgp20_rsd455_1/SubUSDs/materials) by extension 'colcon_pkg'
[0.081s] Level 1:colcon.colcon_core.package_identification:_identify(isaac_sim/assets/p3020/P3020_mount_vgp20_rsd455_1/SubUSDs/materials) by extensions ['colcon_meta']
[0.081s] Level 1:colcon.colcon_core.package_identification:_identify(isaac_sim/assets/p3020/P3020_mount_vgp20_rsd455_1/SubUSDs/materials) by extension 'colcon_meta'
[0.081s] Level 1:colcon.colcon_core.package_identification:_identify(isaac_sim/assets/p3020/P3020_mount_vgp20_rsd455_1/SubUSDs/materials) by extensions ['ros']
[0.081s] Level 1:colcon.colcon_core.package_identification:_identify(isaac_sim/assets/p3020/P3020_mount_vgp20_rsd455_1/SubUSDs/materials) by extension 'ros'
[0.081s] Level 1:colcon.colcon_core.package_identification:_identify(isaac_sim/assets/p3020/P3020_mount_vgp20_rsd455_1/SubUSDs/materials) by extensions ['cmake', 'python']
[0.081s] Level 1:colcon.colcon_core.package_identification:_identify(isaac_sim/assets/p3020/P3020_mount_vgp20_rsd455_1/SubUSDs/materials) by extension 'cmake'
[0.081s] Level 1:colcon.colcon_core.package_identification:_identify(isaac_sim/assets/p3020/P3020_mount_vgp20_rsd455_1/SubUSDs/materials) by extension 'python'
[0.081s] Level 1:colcon.colcon_core.package_identification:_identify(isaac_sim/assets/p3020/P3020_mount_vgp20_rsd455_1/SubUSDs/materials) by extensions ['python_setup_py']
[0.081s] Level 1:colcon.colcon_core.package_identification:_identify(isaac_sim/assets/p3020/P3020_mount_vgp20_rsd455_1/SubUSDs/materials) by extension 'python_setup_py'
[0.081s] Level 1:colcon.colcon_core.package_identification:_identify(isaac_sim/assets/p3020/P3020_mount_vgp20_rsd455_1/SubUSDs/textures) by extensions ['ignore', 'ignore_ament_install']
[0.081s] Level 1:colcon.colcon_core.package_identification:_identify(isaac_sim/assets/p3020/P3020_mount_vgp20_rsd455_1/SubUSDs/textures) by extension 'ignore'
[0.081s] Level 1:colcon.colcon_core.package_identification:_identify(isaac_sim/assets/p3020/P3020_mount_vgp20_rsd455_1/SubUSDs/textures) by extension 'ignore_ament_install'
[0.082s] Level 1:colcon.colcon_core.package_identification:_identify(isaac_sim/assets/p3020/P3020_mount_vgp20_rsd455_1/SubUSDs/textures) by extensions ['colcon_pkg']
[0.082s] Level 1:colcon.colcon_core.package_identification:_identify(isaac_sim/assets/p3020/P3020_mount_vgp20_rsd455_1/SubUSDs/textures) by extension 'colcon_pkg'
[0.082s] Level 1:colcon.colcon_core.package_identification:_identify(isaac_sim/assets/p3020/P3020_mount_vgp20_rsd455_1/SubUSDs/textures) by extensions ['colcon_meta']
[0.082s] Level 1:colcon.colcon_core.package_identification:_identify(isaac_sim/assets/p3020/P3020_mount_vgp20_rsd455_1/SubUSDs/textures) by extension 'colcon_meta'
[0.082s] Level 1:colcon.colcon_core.package_identification:_identify(isaac_sim/assets/p3020/P3020_mount_vgp20_rsd455_1/SubUSDs/textures) by extensions ['ros']
[0.082s] Level 1:colcon.colcon_core.package_identification:_identify(isaac_sim/assets/p3020/P3020_mount_vgp20_rsd455_1/SubUSDs/textures) by extension 'ros'
[0.082s] Level 1:colcon.colcon_core.package_identification:_identify(isaac_sim/assets/p3020/P3020_mount_vgp20_rsd455_1/SubUSDs/textures) by extensions ['cmake', 'python']
[0.082s] Level 1:colcon.colcon_core.package_identification:_identify(isaac_sim/assets/p3020/P3020_mount_vgp20_rsd455_1/SubUSDs/textures) by extension 'cmake'
[0.082s] Level 1:colcon.colcon_core.package_identification:_identify(isaac_sim/assets/p3020/P3020_mount_vgp20_rsd455_1/SubUSDs/textures) by extension 'python'
[0.082s] Level 1:colcon.colcon_core.package_identification:_identify(isaac_sim/assets/p3020/P3020_mount_vgp20_rsd455_1/SubUSDs/textures) by extensions ['python_setup_py']
[0.082s] Level 1:colcon.colcon_core.package_identification:_identify(isaac_sim/assets/p3020/P3020_mount_vgp20_rsd455_1/SubUSDs/textures) by extension 'python_setup_py'
[0.082s] Level 1:colcon.colcon_core.package_identification:_identify(isaac_sim/assets/p3020/meshes) by extensions ['ignore', 'ignore_ament_install']
[0.082s] Level 1:colcon.colcon_core.package_identification:_identify(isaac_sim/assets/p3020/meshes) by extension 'ignore'
[0.082s] Level 1:colcon.colcon_core.package_identification:_identify(isaac_sim/assets/p3020/meshes) by extension 'ignore_ament_install'
[0.082s] Level 1:colcon.colcon_core.package_identification:_identify(isaac_sim/assets/p3020/meshes) by extensions ['colcon_pkg']
[0.082s] Level 1:colcon.colcon_core.package_identification:_identify(isaac_sim/assets/p3020/meshes) by extension 'colcon_pkg'
[0.082s] Level 1:colcon.colcon_core.package_identification:_identify(isaac_sim/assets/p3020/meshes) by extensions ['colcon_meta']
[0.082s] Level 1:colcon.colcon_core.package_identification:_identify(isaac_sim/assets/p3020/meshes) by extension 'colcon_meta'
[0.082s] Level 1:colcon.colcon_core.package_identification:_identify(isaac_sim/assets/p3020/meshes) by extensions ['ros']
[0.082s] Level 1:colcon.colcon_core.package_identification:_identify(isaac_sim/assets/p3020/meshes) by extension 'ros'
[0.082s] Level 1:colcon.colcon_core.package_identification:_identify(isaac_sim/assets/p3020/meshes) by extensions ['cmake', 'python']
[0.082s] Level 1:colcon.colcon_core.package_identification:_identify(isaac_sim/assets/p3020/meshes) by extension 'cmake'
[0.082s] Level 1:colcon.colcon_core.package_identification:_identify(isaac_sim/assets/p3020/meshes) by extension 'python'
[0.082s] Level 1:colcon.colcon_core.package_identification:_identify(isaac_sim/assets/p3020/meshes) by extensions ['python_setup_py']
[0.082s] Level 1:colcon.colcon_core.package_identification:_identify(isaac_sim/assets/p3020/meshes) by extension 'python_setup_py'
[0.082s] Level 1:colcon.colcon_core.package_identification:_identify(isaac_sim/assets/p3020/meshes/p3020) by extensions ['ignore', 'ignore_ament_install']
[0.082s] Level 1:colcon.colcon_core.package_identification:_identify(isaac_sim/assets/p3020/meshes/p3020) by extension 'ignore'
[0.082s] Level 1:colcon.colcon_core.package_identification:_identify(isaac_sim/assets/p3020/meshes/p3020) by extension 'ignore_ament_install'
[0.082s] Level 1:colcon.colcon_core.package_identification:_identify(isaac_sim/assets/p3020/meshes/p3020) by extensions ['colcon_pkg']
[0.082s] Level 1:colcon.colcon_core.package_identification:_identify(isaac_sim/assets/p3020/meshes/p3020) by extension 'colcon_pkg'
[0.082s] Level 1:colcon.colcon_core.package_identification:_identify(isaac_sim/assets/p3020/meshes/p3020) by extensions ['colcon_meta']
[0.082s] Level 1:colcon.colcon_core.package_identification:_identify(isaac_sim/assets/p3020/meshes/p3020) by extension 'colcon_meta'
[0.082s] Level 1:colcon.colcon_core.package_identification:_identify(isaac_sim/assets/p3020/meshes/p3020) by extensions ['ros']
[0.082s] Level 1:colcon.colcon_core.package_identification:_identify(isaac_sim/assets/p3020/meshes/p3020) by extension 'ros'
[0.082s] Level 1:colcon.colcon_core.package_identification:_identify(isaac_sim/assets/p3020/meshes/p3020) by extensions ['cmake', 'python']
[0.082s] Level 1:colcon.colcon_core.package_identification:_identify(isaac_sim/assets/p3020/meshes/p3020) by extension 'cmake'
[0.082s] Level 1:colcon.colcon_core.package_identification:_identify(isaac_sim/assets/p3020/meshes/p3020) by extension 'python'
[0.082s] Level 1:colcon.colcon_core.package_identification:_identify(isaac_sim/assets/p3020/meshes/p3020) by extensions ['python_setup_py']
[0.082s] Level 1:colcon.colcon_core.package_identification:_identify(isaac_sim/assets/p3020/meshes/p3020) by extension 'python_setup_py'
[0.082s] Level 1:colcon.colcon_core.package_identification:_identify(isaac_sim/assets/p3020/meshes/p3020_collision) by extensions ['ignore', 'ignore_ament_install']
[0.082s] Level 1:colcon.colcon_core.package_identification:_identify(isaac_sim/assets/p3020/meshes/p3020_collision) by extension 'ignore'
[0.082s] Level 1:colcon.colcon_core.package_identification:_identify(isaac_sim/assets/p3020/meshes/p3020_collision) by extension 'ignore_ament_install'
[0.082s] Level 1:colcon.colcon_core.package_identification:_identify(isaac_sim/assets/p3020/meshes/p3020_collision) by extensions ['colcon_pkg']
[0.082s] Level 1:colcon.colcon_core.package_identification:_identify(isaac_sim/assets/p3020/meshes/p3020_collision) by extension 'colcon_pkg'
[0.082s] Level 1:colcon.colcon_core.package_identification:_identify(isaac_sim/assets/p3020/meshes/p3020_collision) by extensions ['colcon_meta']
[0.082s] Level 1:colcon.colcon_core.package_identification:_identify(isaac_sim/assets/p3020/meshes/p3020_collision) by extension 'colcon_meta'
[0.082s] Level 1:colcon.colcon_core.package_identification:_identify(isaac_sim/assets/p3020/meshes/p3020_collision) by extensions ['ros']
[0.082s] Level 1:colcon.colcon_core.package_identification:_identify(isaac_sim/assets/p3020/meshes/p3020_collision) by extension 'ros'
[0.082s] Level 1:colcon.colcon_core.package_identification:_identify(isaac_sim/assets/p3020/meshes/p3020_collision) by extensions ['cmake', 'python']
[0.082s] Level 1:colcon.colcon_core.package_identification:_identify(isaac_sim/assets/p3020/meshes/p3020_collision) by extension 'cmake'
[0.082s] Level 1:colcon.colcon_core.package_identification:_identify(isaac_sim/assets/p3020/meshes/p3020_collision) by extension 'python'
[0.082s] Level 1:colcon.colcon_core.package_identification:_identify(isaac_sim/assets/p3020/meshes/p3020_collision) by extensions ['python_setup_py']
[0.082s] Level 1:colcon.colcon_core.package_identification:_identify(isaac_sim/assets/p3020/meshes/p3020_collision) by extension 'python_setup_py'
[0.082s] Level 1:colcon.colcon_core.package_identification:_identify(isaac_sim/assets/p3020/p3020) by extensions ['ignore', 'ignore_ament_install']
[0.082s] Level 1:colcon.colcon_core.package_identification:_identify(isaac_sim/assets/p3020/p3020) by extension 'ignore'
[0.082s] Level 1:colcon.colcon_core.package_identification:_identify(isaac_sim/assets/p3020/p3020) by extension 'ignore_ament_install'
[0.083s] Level 1:colcon.colcon_core.package_identification:_identify(isaac_sim/assets/p3020/p3020) by extensions ['colcon_pkg']
[0.083s] Level 1:colcon.colcon_core.package_identification:_identify(isaac_sim/assets/p3020/p3020) by extension 'colcon_pkg'
[0.083s] Level 1:colcon.colcon_core.package_identification:_identify(isaac_sim/assets/p3020/p3020) by extensions ['colcon_meta']
[0.083s] Level 1:colcon.colcon_core.package_identification:_identify(isaac_sim/assets/p3020/p3020) by extension 'colcon_meta'
[0.083s] Level 1:colcon.colcon_core.package_identification:_identify(isaac_sim/assets/p3020/p3020) by extensions ['ros']
[0.083s] Level 1:colcon.colcon_core.package_identification:_identify(isaac_sim/assets/p3020/p3020) by extension 'ros'
[0.083s] Level 1:colcon.colcon_core.package_identification:_identify(isaac_sim/assets/p3020/p3020) by extensions ['cmake', 'python']
[0.083s] Level 1:colcon.colcon_core.package_identification:_identify(isaac_sim/assets/p3020/p3020) by extension 'cmake'
[0.083s] Level 1:colcon.colcon_core.package_identification:_identify(isaac_sim/assets/p3020/p3020) by extension 'python'
[0.083s] Level 1:colcon.colcon_core.package_identification:_identify(isaac_sim/assets/p3020/p3020) by extensions ['python_setup_py']
[0.083s] Level 1:colcon.colcon_core.package_identification:_identify(isaac_sim/assets/p3020/p3020) by extension 'python_setup_py'
[0.083s] Level 1:colcon.colcon_core.package_identification:_identify(isaac_sim/assets/p3020/p3020/configuration) by extensions ['ignore', 'ignore_ament_install']
[0.083s] Level 1:colcon.colcon_core.package_identification:_identify(isaac_sim/assets/p3020/p3020/configuration) by extension 'ignore'
[0.083s] Level 1:colcon.colcon_core.package_identification:_identify(isaac_sim/assets/p3020/p3020/configuration) by extension 'ignore_ament_install'
[0.083s] Level 1:colcon.colcon_core.package_identification:_identify(isaac_sim/assets/p3020/p3020/configuration) by extensions ['colcon_pkg']
[0.083s] Level 1:colcon.colcon_core.package_identification:_identify(isaac_sim/assets/p3020/p3020/configuration) by extension 'colcon_pkg'
[0.083s] Level 1:colcon.colcon_core.package_identification:_identify(isaac_sim/assets/p3020/p3020/configuration) by extensions ['colcon_meta']
[0.083s] Level 1:colcon.colcon_core.package_identification:_identify(isaac_sim/assets/p3020/p3020/configuration) by extension 'colcon_meta'
[0.083s] Level 1:colcon.colcon_core.package_identification:_identify(isaac_sim/assets/p3020/p3020/configuration) by extensions ['ros']
[0.083s] Level 1:colcon.colcon_core.package_identification:_identify(isaac_sim/assets/p3020/p3020/configuration) by extension 'ros'
[0.083s] Level 1:colcon.colcon_core.package_identification:_identify(isaac_sim/assets/p3020/p3020/configuration) by extensions ['cmake', 'python']
[0.083s] Level 1:colcon.colcon_core.package_identification:_identify(isaac_sim/assets/p3020/p3020/configuration) by extension 'cmake'
[0.083s] Level 1:colcon.colcon_core.package_identification:_identify(isaac_sim/assets/p3020/p3020/configuration) by extension 'python'
[0.083s] Level 1:colcon.colcon_core.package_identification:_identify(isaac_sim/assets/p3020/p3020/configuration) by extensions ['python_setup_py']
[0.083s] Level 1:colcon.colcon_core.package_identification:_identify(isaac_sim/assets/p3020/p3020/configuration) by extension 'python_setup_py'
[0.083s] Level 1:colcon.colcon_core.package_identification:_identify(isaac_sim/assets/p3020/xacro) by extensions ['ignore', 'ignore_ament_install']
[0.083s] Level 1:colcon.colcon_core.package_identification:_identify(isaac_sim/assets/p3020/xacro) by extension 'ignore'
[0.083s] Level 1:colcon.colcon_core.package_identification:_identify(isaac_sim/assets/p3020/xacro) by extension 'ignore_ament_install'
[0.083s] Level 1:colcon.colcon_core.package_identification:_identify(isaac_sim/assets/p3020/xacro) by extensions ['colcon_pkg']
[0.083s] Level 1:colcon.colcon_core.package_identification:_identify(isaac_sim/assets/p3020/xacro) by extension 'colcon_pkg'
[0.083s] Level 1:colcon.colcon_core.package_identification:_identify(isaac_sim/assets/p3020/xacro) by extensions ['colcon_meta']
[0.083s] Level 1:colcon.colcon_core.package_identification:_identify(isaac_sim/assets/p3020/xacro) by extension 'colcon_meta'
[0.083s] Level 1:colcon.colcon_core.package_identification:_identify(isaac_sim/assets/p3020/xacro) by extensions ['ros']
[0.083s] Level 1:colcon.colcon_core.package_identification:_identify(isaac_sim/assets/p3020/xacro) by extension 'ros'
[0.083s] Level 1:colcon.colcon_core.package_identification:_identify(isaac_sim/assets/p3020/xacro) by extensions ['cmake', 'python']
[0.083s] Level 1:colcon.colcon_core.package_identification:_identify(isaac_sim/assets/p3020/xacro) by extension 'cmake'
[0.083s] Level 1:colcon.colcon_core.package_identification:_identify(isaac_sim/assets/p3020/xacro) by extension 'python'
[0.083s] Level 1:colcon.colcon_core.package_identification:_identify(isaac_sim/assets/p3020/xacro) by extensions ['python_setup_py']
[0.083s] Level 1:colcon.colcon_core.package_identification:_identify(isaac_sim/assets/p3020/xacro) by extension 'python_setup_py'
[0.083s] Level 1:colcon.colcon_core.package_identification:_identify(isaac_sim/assets/parcels) by extensions ['ignore', 'ignore_ament_install']
[0.083s] Level 1:colcon.colcon_core.package_identification:_identify(isaac_sim/assets/parcels) by extension 'ignore'
[0.083s] Level 1:colcon.colcon_core.package_identification:_identify(isaac_sim/assets/parcels) by extension 'ignore_ament_install'
[0.083s] Level 1:colcon.colcon_core.package_identification:_identify(isaac_sim/assets/parcels) by extensions ['colcon_pkg']
[0.083s] Level 1:colcon.colcon_core.package_identification:_identify(isaac_sim/assets/parcels) by extension 'colcon_pkg'
[0.083s] Level 1:colcon.colcon_core.package_identification:_identify(isaac_sim/assets/parcels) by extensions ['colcon_meta']
[0.083s] Level 1:colcon.colcon_core.package_identification:_identify(isaac_sim/assets/parcels) by extension 'colcon_meta'
[0.083s] Level 1:colcon.colcon_core.package_identification:_identify(isaac_sim/assets/parcels) by extensions ['ros']
[0.083s] Level 1:colcon.colcon_core.package_identification:_identify(isaac_sim/assets/parcels) by extension 'ros'
[0.083s] Level 1:colcon.colcon_core.package_identification:_identify(isaac_sim/assets/parcels) by extensions ['cmake', 'python']
[0.083s] Level 1:colcon.colcon_core.package_identification:_identify(isaac_sim/assets/parcels) by extension 'cmake'
[0.083s] Level 1:colcon.colcon_core.package_identification:_identify(isaac_sim/assets/parcels) by extension 'python'
[0.083s] Level 1:colcon.colcon_core.package_identification:_identify(isaac_sim/assets/parcels) by extensions ['python_setup_py']
[0.083s] Level 1:colcon.colcon_core.package_identification:_identify(isaac_sim/assets/parcels) by extension 'python_setup_py'
[0.083s] Level 1:colcon.colcon_core.package_identification:_identify(isaac_sim/assets/vgp20) by extensions ['ignore', 'ignore_ament_install']
[0.083s] Level 1:colcon.colcon_core.package_identification:_identify(isaac_sim/assets/vgp20) by extension 'ignore'
[0.083s] Level 1:colcon.colcon_core.package_identification:_identify(isaac_sim/assets/vgp20) by extension 'ignore_ament_install'
[0.083s] Level 1:colcon.colcon_core.package_identification:_identify(isaac_sim/assets/vgp20) by extensions ['colcon_pkg']
[0.083s] Level 1:colcon.colcon_core.package_identification:_identify(isaac_sim/assets/vgp20) by extension 'colcon_pkg'
[0.083s] Level 1:colcon.colcon_core.package_identification:_identify(isaac_sim/assets/vgp20) by extensions ['colcon_meta']
[0.083s] Level 1:colcon.colcon_core.package_identification:_identify(isaac_sim/assets/vgp20) by extension 'colcon_meta'
[0.084s] Level 1:colcon.colcon_core.package_identification:_identify(isaac_sim/assets/vgp20) by extensions ['ros']
[0.084s] Level 1:colcon.colcon_core.package_identification:_identify(isaac_sim/assets/vgp20) by extension 'ros'
[0.084s] Level 1:colcon.colcon_core.package_identification:_identify(isaac_sim/assets/vgp20) by extensions ['cmake', 'python']
[0.084s] Level 1:colcon.colcon_core.package_identification:_identify(isaac_sim/assets/vgp20) by extension 'cmake'
[0.084s] Level 1:colcon.colcon_core.package_identification:_identify(isaac_sim/assets/vgp20) by extension 'python'
[0.084s] Level 1:colcon.colcon_core.package_identification:_identify(isaac_sim/assets/vgp20) by extensions ['python_setup_py']
[0.084s] Level 1:colcon.colcon_core.package_identification:_identify(isaac_sim/assets/vgp20) by extension 'python_setup_py'
[0.084s] Level 1:colcon.colcon_core.package_identification:_identify(isaac_sim/assets/wheel_sorter) by extensions ['ignore', 'ignore_ament_install']
[0.084s] Level 1:colcon.colcon_core.package_identification:_identify(isaac_sim/assets/wheel_sorter) by extension 'ignore'
[0.084s] Level 1:colcon.colcon_core.package_identification:_identify(isaac_sim/assets/wheel_sorter) by extension 'ignore_ament_install'
[0.084s] Level 1:colcon.colcon_core.package_identification:_identify(isaac_sim/assets/wheel_sorter) by extensions ['colcon_pkg']
[0.084s] Level 1:colcon.colcon_core.package_identification:_identify(isaac_sim/assets/wheel_sorter) by extension 'colcon_pkg'
[0.084s] Level 1:colcon.colcon_core.package_identification:_identify(isaac_sim/assets/wheel_sorter) by extensions ['colcon_meta']
[0.084s] Level 1:colcon.colcon_core.package_identification:_identify(isaac_sim/assets/wheel_sorter) by extension 'colcon_meta'
[0.084s] Level 1:colcon.colcon_core.package_identification:_identify(isaac_sim/assets/wheel_sorter) by extensions ['ros']
[0.084s] Level 1:colcon.colcon_core.package_identification:_identify(isaac_sim/assets/wheel_sorter) by extension 'ros'
[0.084s] Level 1:colcon.colcon_core.package_identification:_identify(isaac_sim/assets/wheel_sorter) by extensions ['cmake', 'python']
[0.084s] Level 1:colcon.colcon_core.package_identification:_identify(isaac_sim/assets/wheel_sorter) by extension 'cmake'
[0.084s] Level 1:colcon.colcon_core.package_identification:_identify(isaac_sim/assets/wheel_sorter) by extension 'python'
[0.084s] Level 1:colcon.colcon_core.package_identification:_identify(isaac_sim/assets/wheel_sorter) by extensions ['python_setup_py']
[0.084s] Level 1:colcon.colcon_core.package_identification:_identify(isaac_sim/assets/wheel_sorter) by extension 'python_setup_py'
[0.084s] Level 1:colcon.colcon_core.package_identification:_identify(isaac_sim/equipment) by extensions ['ignore', 'ignore_ament_install']
[0.084s] Level 1:colcon.colcon_core.package_identification:_identify(isaac_sim/equipment) by extension 'ignore'
[0.084s] Level 1:colcon.colcon_core.package_identification:_identify(isaac_sim/equipment) by extension 'ignore_ament_install'
[0.084s] Level 1:colcon.colcon_core.package_identification:_identify(isaac_sim/equipment) by extensions ['colcon_pkg']
[0.084s] Level 1:colcon.colcon_core.package_identification:_identify(isaac_sim/equipment) by extension 'colcon_pkg'
[0.084s] Level 1:colcon.colcon_core.package_identification:_identify(isaac_sim/equipment) by extensions ['colcon_meta']
[0.084s] Level 1:colcon.colcon_core.package_identification:_identify(isaac_sim/equipment) by extension 'colcon_meta'
[0.084s] Level 1:colcon.colcon_core.package_identification:_identify(isaac_sim/equipment) by extensions ['ros']
[0.084s] Level 1:colcon.colcon_core.package_identification:_identify(isaac_sim/equipment) by extension 'ros'
[0.084s] Level 1:colcon.colcon_core.package_identification:_identify(isaac_sim/equipment) by extensions ['cmake', 'python']
[0.084s] Level 1:colcon.colcon_core.package_identification:_identify(isaac_sim/equipment) by extension 'cmake'
[0.084s] Level 1:colcon.colcon_core.package_identification:_identify(isaac_sim/equipment) by extension 'python'
[0.084s] Level 1:colcon.colcon_core.package_identification:_identify(isaac_sim/equipment) by extensions ['python_setup_py']
[0.084s] Level 1:colcon.colcon_core.package_identification:_identify(isaac_sim/equipment) by extension 'python_setup_py'
[0.084s] Level 1:colcon.colcon_core.package_identification:_identify(isaac_sim/equipment/conveyor) by extensions ['ignore', 'ignore_ament_install']
[0.084s] Level 1:colcon.colcon_core.package_identification:_identify(isaac_sim/equipment/conveyor) by extension 'ignore'
[0.084s] Level 1:colcon.colcon_core.package_identification:_identify(isaac_sim/equipment/conveyor) by extension 'ignore_ament_install'
[0.084s] Level 1:colcon.colcon_core.package_identification:_identify(isaac_sim/equipment/conveyor) by extensions ['colcon_pkg']
[0.084s] Level 1:colcon.colcon_core.package_identification:_identify(isaac_sim/equipment/conveyor) by extension 'colcon_pkg'
[0.084s] Level 1:colcon.colcon_core.package_identification:_identify(isaac_sim/equipment/conveyor) by extensions ['colcon_meta']
[0.084s] Level 1:colcon.colcon_core.package_identification:_identify(isaac_sim/equipment/conveyor) by extension 'colcon_meta'
[0.084s] Level 1:colcon.colcon_core.package_identification:_identify(isaac_sim/equipment/conveyor) by extensions ['ros']
[0.084s] Level 1:colcon.colcon_core.package_identification:_identify(isaac_sim/equipment/conveyor) by extension 'ros'
[0.084s] Level 1:colcon.colcon_core.package_identification:_identify(isaac_sim/equipment/conveyor) by extensions ['cmake', 'python']
[0.084s] Level 1:colcon.colcon_core.package_identification:_identify(isaac_sim/equipment/conveyor) by extension 'cmake'
[0.084s] Level 1:colcon.colcon_core.package_identification:_identify(isaac_sim/equipment/conveyor) by extension 'python'
[0.084s] Level 1:colcon.colcon_core.package_identification:_identify(isaac_sim/equipment/conveyor) by extensions ['python_setup_py']
[0.084s] Level 1:colcon.colcon_core.package_identification:_identify(isaac_sim/equipment/conveyor) by extension 'python_setup_py'
[0.084s] Level 1:colcon.colcon_core.package_identification:_identify(isaac_sim/equipment/wheel_sorter) by extensions ['ignore', 'ignore_ament_install']
[0.084s] Level 1:colcon.colcon_core.package_identification:_identify(isaac_sim/equipment/wheel_sorter) by extension 'ignore'
[0.084s] Level 1:colcon.colcon_core.package_identification:_identify(isaac_sim/equipment/wheel_sorter) by extension 'ignore_ament_install'
[0.084s] Level 1:colcon.colcon_core.package_identification:_identify(isaac_sim/equipment/wheel_sorter) by extensions ['colcon_pkg']
[0.084s] Level 1:colcon.colcon_core.package_identification:_identify(isaac_sim/equipment/wheel_sorter) by extension 'colcon_pkg'
[0.084s] Level 1:colcon.colcon_core.package_identification:_identify(isaac_sim/equipment/wheel_sorter) by extensions ['colcon_meta']
[0.084s] Level 1:colcon.colcon_core.package_identification:_identify(isaac_sim/equipment/wheel_sorter) by extension 'colcon_meta'
[0.084s] Level 1:colcon.colcon_core.package_identification:_identify(isaac_sim/equipment/wheel_sorter) by extensions ['ros']
[0.084s] Level 1:colcon.colcon_core.package_identification:_identify(isaac_sim/equipment/wheel_sorter) by extension 'ros'
[0.084s] Level 1:colcon.colcon_core.package_identification:_identify(isaac_sim/equipment/wheel_sorter) by extensions ['cmake', 'python']
[0.084s] Level 1:colcon.colcon_core.package_identification:_identify(isaac_sim/equipment/wheel_sorter) by extension 'cmake'
[0.085s] Level 1:colcon.colcon_core.package_identification:_identify(isaac_sim/equipment/wheel_sorter) by extension 'python'
[0.085s] Level 1:colcon.colcon_core.package_identification:_identify(isaac_sim/equipment/wheel_sorter) by extensions ['python_setup_py']
[0.085s] Level 1:colcon.colcon_core.package_identification:_identify(isaac_sim/equipment/wheel_sorter) by extension 'python_setup_py'
[0.085s] Level 1:colcon.colcon_core.package_identification:_identify(isaac_sim/project_config) by extensions ['ignore', 'ignore_ament_install']
[0.085s] Level 1:colcon.colcon_core.package_identification:_identify(isaac_sim/project_config) by extension 'ignore'
[0.085s] Level 1:colcon.colcon_core.package_identification:_identify(isaac_sim/project_config) by extension 'ignore_ament_install'
[0.085s] Level 1:colcon.colcon_core.package_identification:_identify(isaac_sim/project_config) by extensions ['colcon_pkg']
[0.085s] Level 1:colcon.colcon_core.package_identification:_identify(isaac_sim/project_config) by extension 'colcon_pkg'
[0.085s] Level 1:colcon.colcon_core.package_identification:_identify(isaac_sim/project_config) by extensions ['colcon_meta']
[0.085s] Level 1:colcon.colcon_core.package_identification:_identify(isaac_sim/project_config) by extension 'colcon_meta'
[0.085s] Level 1:colcon.colcon_core.package_identification:_identify(isaac_sim/project_config) by extensions ['ros']
[0.085s] Level 1:colcon.colcon_core.package_identification:_identify(isaac_sim/project_config) by extension 'ros'
[0.085s] Level 1:colcon.colcon_core.package_identification:_identify(isaac_sim/project_config) by extensions ['cmake', 'python']
[0.085s] Level 1:colcon.colcon_core.package_identification:_identify(isaac_sim/project_config) by extension 'cmake'
[0.085s] Level 1:colcon.colcon_core.package_identification:_identify(isaac_sim/project_config) by extension 'python'
[0.085s] Level 1:colcon.colcon_core.package_identification:_identify(isaac_sim/project_config) by extensions ['python_setup_py']
[0.085s] Level 1:colcon.colcon_core.package_identification:_identify(isaac_sim/project_config) by extension 'python_setup_py'
[0.085s] Level 1:colcon.colcon_core.package_identification:_identify(isaac_sim/project_config/__pycache__) by extensions ['ignore', 'ignore_ament_install']
[0.085s] Level 1:colcon.colcon_core.package_identification:_identify(isaac_sim/project_config/__pycache__) by extension 'ignore'
[0.085s] Level 1:colcon.colcon_core.package_identification:_identify(isaac_sim/project_config/__pycache__) by extension 'ignore_ament_install'
[0.085s] Level 1:colcon.colcon_core.package_identification:_identify(isaac_sim/project_config/__pycache__) by extensions ['colcon_pkg']
[0.085s] Level 1:colcon.colcon_core.package_identification:_identify(isaac_sim/project_config/__pycache__) by extension 'colcon_pkg'
[0.085s] Level 1:colcon.colcon_core.package_identification:_identify(isaac_sim/project_config/__pycache__) by extensions ['colcon_meta']
[0.085s] Level 1:colcon.colcon_core.package_identification:_identify(isaac_sim/project_config/__pycache__) by extension 'colcon_meta'
[0.085s] Level 1:colcon.colcon_core.package_identification:_identify(isaac_sim/project_config/__pycache__) by extensions ['ros']
[0.085s] Level 1:colcon.colcon_core.package_identification:_identify(isaac_sim/project_config/__pycache__) by extension 'ros'
[0.085s] Level 1:colcon.colcon_core.package_identification:_identify(isaac_sim/project_config/__pycache__) by extensions ['cmake', 'python']
[0.085s] Level 1:colcon.colcon_core.package_identification:_identify(isaac_sim/project_config/__pycache__) by extension 'cmake'
[0.085s] Level 1:colcon.colcon_core.package_identification:_identify(isaac_sim/project_config/__pycache__) by extension 'python'
[0.085s] Level 1:colcon.colcon_core.package_identification:_identify(isaac_sim/project_config/__pycache__) by extensions ['python_setup_py']
[0.085s] Level 1:colcon.colcon_core.package_identification:_identify(isaac_sim/project_config/__pycache__) by extension 'python_setup_py'
[0.085s] Level 1:colcon.colcon_core.package_identification:_identify(isaac_sim/robots) by extensions ['ignore', 'ignore_ament_install']
[0.085s] Level 1:colcon.colcon_core.package_identification:_identify(isaac_sim/robots) by extension 'ignore'
[0.085s] Level 1:colcon.colcon_core.package_identification:_identify(isaac_sim/robots) by extension 'ignore_ament_install'
[0.085s] Level 1:colcon.colcon_core.package_identification:_identify(isaac_sim/robots) by extensions ['colcon_pkg']
[0.085s] Level 1:colcon.colcon_core.package_identification:_identify(isaac_sim/robots) by extension 'colcon_pkg'
[0.085s] Level 1:colcon.colcon_core.package_identification:_identify(isaac_sim/robots) by extensions ['colcon_meta']
[0.085s] Level 1:colcon.colcon_core.package_identification:_identify(isaac_sim/robots) by extension 'colcon_meta'
[0.085s] Level 1:colcon.colcon_core.package_identification:_identify(isaac_sim/robots) by extensions ['ros']
[0.085s] Level 1:colcon.colcon_core.package_identification:_identify(isaac_sim/robots) by extension 'ros'
[0.085s] Level 1:colcon.colcon_core.package_identification:_identify(isaac_sim/robots) by extensions ['cmake', 'python']
[0.085s] Level 1:colcon.colcon_core.package_identification:_identify(isaac_sim/robots) by extension 'cmake'
[0.085s] Level 1:colcon.colcon_core.package_identification:_identify(isaac_sim/robots) by extension 'python'
[0.085s] Level 1:colcon.colcon_core.package_identification:_identify(isaac_sim/robots) by extensions ['python_setup_py']
[0.085s] Level 1:colcon.colcon_core.package_identification:_identify(isaac_sim/robots) by extension 'python_setup_py'
[0.085s] Level 1:colcon.colcon_core.package_identification:_identify(isaac_sim/robots/forklift_b) by extensions ['ignore', 'ignore_ament_install']
[0.085s] Level 1:colcon.colcon_core.package_identification:_identify(isaac_sim/robots/forklift_b) by extension 'ignore'
[0.085s] Level 1:colcon.colcon_core.package_identification:_identify(isaac_sim/robots/forklift_b) by extension 'ignore_ament_install'
[0.085s] Level 1:colcon.colcon_core.package_identification:_identify(isaac_sim/robots/forklift_b) by extensions ['colcon_pkg']
[0.085s] Level 1:colcon.colcon_core.package_identification:_identify(isaac_sim/robots/forklift_b) by extension 'colcon_pkg'
[0.085s] Level 1:colcon.colcon_core.package_identification:_identify(isaac_sim/robots/forklift_b) by extensions ['colcon_meta']
[0.085s] Level 1:colcon.colcon_core.package_identification:_identify(isaac_sim/robots/forklift_b) by extension 'colcon_meta'
[0.085s] Level 1:colcon.colcon_core.package_identification:_identify(isaac_sim/robots/forklift_b) by extensions ['ros']
[0.085s] Level 1:colcon.colcon_core.package_identification:_identify(isaac_sim/robots/forklift_b) by extension 'ros'
[0.085s] Level 1:colcon.colcon_core.package_identification:_identify(isaac_sim/robots/forklift_b) by extensions ['cmake', 'python']
[0.085s] Level 1:colcon.colcon_core.package_identification:_identify(isaac_sim/robots/forklift_b) by extension 'cmake'
[0.085s] Level 1:colcon.colcon_core.package_identification:_identify(isaac_sim/robots/forklift_b) by extension 'python'
[0.085s] Level 1:colcon.colcon_core.package_identification:_identify(isaac_sim/robots/forklift_b) by extensions ['python_setup_py']
[0.085s] Level 1:colcon.colcon_core.package_identification:_identify(isaac_sim/robots/forklift_b) by extension 'python_setup_py'
[0.085s] Level 1:colcon.colcon_core.package_identification:_identify(isaac_sim/robots/p3020) by extensions ['ignore', 'ignore_ament_install']
[0.086s] Level 1:colcon.colcon_core.package_identification:_identify(isaac_sim/robots/p3020) by extension 'ignore'
[0.086s] Level 1:colcon.colcon_core.package_identification:_identify(isaac_sim/robots/p3020) by extension 'ignore_ament_install'
[0.086s] Level 1:colcon.colcon_core.package_identification:_identify(isaac_sim/robots/p3020) by extensions ['colcon_pkg']
[0.086s] Level 1:colcon.colcon_core.package_identification:_identify(isaac_sim/robots/p3020) by extension 'colcon_pkg'
[0.086s] Level 1:colcon.colcon_core.package_identification:_identify(isaac_sim/robots/p3020) by extensions ['colcon_meta']
[0.086s] Level 1:colcon.colcon_core.package_identification:_identify(isaac_sim/robots/p3020) by extension 'colcon_meta'
[0.086s] Level 1:colcon.colcon_core.package_identification:_identify(isaac_sim/robots/p3020) by extensions ['ros']
[0.086s] Level 1:colcon.colcon_core.package_identification:_identify(isaac_sim/robots/p3020) by extension 'ros'
[0.086s] Level 1:colcon.colcon_core.package_identification:_identify(isaac_sim/robots/p3020) by extensions ['cmake', 'python']
[0.086s] Level 1:colcon.colcon_core.package_identification:_identify(isaac_sim/robots/p3020) by extension 'cmake'
[0.086s] Level 1:colcon.colcon_core.package_identification:_identify(isaac_sim/robots/p3020) by extension 'python'
[0.086s] Level 1:colcon.colcon_core.package_identification:_identify(isaac_sim/robots/p3020) by extensions ['python_setup_py']
[0.086s] Level 1:colcon.colcon_core.package_identification:_identify(isaac_sim/robots/p3020) by extension 'python_setup_py'
[0.086s] Level 1:colcon.colcon_core.package_identification:_identify(isaac_sim/robots/p3020/vision) by extensions ['ignore', 'ignore_ament_install']
[0.086s] Level 1:colcon.colcon_core.package_identification:_identify(isaac_sim/robots/p3020/vision) by extension 'ignore'
[0.086s] Level 1:colcon.colcon_core.package_identification:_identify(isaac_sim/robots/p3020/vision) by extension 'ignore_ament_install'
[0.086s] Level 1:colcon.colcon_core.package_identification:_identify(isaac_sim/robots/p3020/vision) by extensions ['colcon_pkg']
[0.086s] Level 1:colcon.colcon_core.package_identification:_identify(isaac_sim/robots/p3020/vision) by extension 'colcon_pkg'
[0.086s] Level 1:colcon.colcon_core.package_identification:_identify(isaac_sim/robots/p3020/vision) by extensions ['colcon_meta']
[0.086s] Level 1:colcon.colcon_core.package_identification:_identify(isaac_sim/robots/p3020/vision) by extension 'colcon_meta'
[0.086s] Level 1:colcon.colcon_core.package_identification:_identify(isaac_sim/robots/p3020/vision) by extensions ['ros']
[0.086s] Level 1:colcon.colcon_core.package_identification:_identify(isaac_sim/robots/p3020/vision) by extension 'ros'
[0.086s] Level 1:colcon.colcon_core.package_identification:_identify(isaac_sim/robots/p3020/vision) by extensions ['cmake', 'python']
[0.086s] Level 1:colcon.colcon_core.package_identification:_identify(isaac_sim/robots/p3020/vision) by extension 'cmake'
[0.086s] Level 1:colcon.colcon_core.package_identification:_identify(isaac_sim/robots/p3020/vision) by extension 'python'
[0.086s] Level 1:colcon.colcon_core.package_identification:_identify(isaac_sim/robots/p3020/vision) by extensions ['python_setup_py']
[0.086s] Level 1:colcon.colcon_core.package_identification:_identify(isaac_sim/robots/p3020/vision) by extension 'python_setup_py'
[0.086s] Level 1:colcon.colcon_core.package_identification:_identify(isaac_sim/scripts) by extensions ['ignore', 'ignore_ament_install']
[0.086s] Level 1:colcon.colcon_core.package_identification:_identify(isaac_sim/scripts) by extension 'ignore'
[0.086s] Level 1:colcon.colcon_core.package_identification:_identify(isaac_sim/scripts) by extension 'ignore_ament_install'
[0.086s] Level 1:colcon.colcon_core.package_identification:_identify(isaac_sim/scripts) by extensions ['colcon_pkg']
[0.086s] Level 1:colcon.colcon_core.package_identification:_identify(isaac_sim/scripts) by extension 'colcon_pkg'
[0.086s] Level 1:colcon.colcon_core.package_identification:_identify(isaac_sim/scripts) by extensions ['colcon_meta']
[0.086s] Level 1:colcon.colcon_core.package_identification:_identify(isaac_sim/scripts) by extension 'colcon_meta'
[0.086s] Level 1:colcon.colcon_core.package_identification:_identify(isaac_sim/scripts) by extensions ['ros']
[0.086s] Level 1:colcon.colcon_core.package_identification:_identify(isaac_sim/scripts) by extension 'ros'
[0.086s] Level 1:colcon.colcon_core.package_identification:_identify(isaac_sim/scripts) by extensions ['cmake', 'python']
[0.086s] Level 1:colcon.colcon_core.package_identification:_identify(isaac_sim/scripts) by extension 'cmake'
[0.086s] Level 1:colcon.colcon_core.package_identification:_identify(isaac_sim/scripts) by extension 'python'
[0.086s] Level 1:colcon.colcon_core.package_identification:_identify(isaac_sim/scripts) by extensions ['python_setup_py']
[0.086s] Level 1:colcon.colcon_core.package_identification:_identify(isaac_sim/scripts) by extension 'python_setup_py'
[0.086s] Level 1:colcon.colcon_core.package_identification:_identify(isaac_sim/sensors) by extensions ['ignore', 'ignore_ament_install']
[0.086s] Level 1:colcon.colcon_core.package_identification:_identify(isaac_sim/sensors) by extension 'ignore'
[0.086s] Level 1:colcon.colcon_core.package_identification:_identify(isaac_sim/sensors) by extension 'ignore_ament_install'
[0.086s] Level 1:colcon.colcon_core.package_identification:_identify(isaac_sim/sensors) by extensions ['colcon_pkg']
[0.086s] Level 1:colcon.colcon_core.package_identification:_identify(isaac_sim/sensors) by extension 'colcon_pkg'
[0.086s] Level 1:colcon.colcon_core.package_identification:_identify(isaac_sim/sensors) by extensions ['colcon_meta']
[0.086s] Level 1:colcon.colcon_core.package_identification:_identify(isaac_sim/sensors) by extension 'colcon_meta'
[0.086s] Level 1:colcon.colcon_core.package_identification:_identify(isaac_sim/sensors) by extensions ['ros']
[0.086s] Level 1:colcon.colcon_core.package_identification:_identify(isaac_sim/sensors) by extension 'ros'
[0.086s] Level 1:colcon.colcon_core.package_identification:_identify(isaac_sim/sensors) by extensions ['cmake', 'python']
[0.086s] Level 1:colcon.colcon_core.package_identification:_identify(isaac_sim/sensors) by extension 'cmake'
[0.086s] Level 1:colcon.colcon_core.package_identification:_identify(isaac_sim/sensors) by extension 'python'
[0.086s] Level 1:colcon.colcon_core.package_identification:_identify(isaac_sim/sensors) by extensions ['python_setup_py']
[0.086s] Level 1:colcon.colcon_core.package_identification:_identify(isaac_sim/sensors) by extension 'python_setup_py'
[0.086s] Level 1:colcon.colcon_core.package_identification:_identify(isaac_sim/usd) by extensions ['ignore', 'ignore_ament_install']
[0.086s] Level 1:colcon.colcon_core.package_identification:_identify(isaac_sim/usd) by extension 'ignore'
[0.086s] Level 1:colcon.colcon_core.package_identification:_identify(isaac_sim/usd) by extension 'ignore_ament_install'
[0.086s] Level 1:colcon.colcon_core.package_identification:_identify(isaac_sim/usd) by extensions ['colcon_pkg']
[0.086s] Level 1:colcon.colcon_core.package_identification:_identify(isaac_sim/usd) by extension 'colcon_pkg'
[0.086s] Level 1:colcon.colcon_core.package_identification:_identify(isaac_sim/usd) by extensions ['colcon_meta']
[0.087s] Level 1:colcon.colcon_core.package_identification:_identify(isaac_sim/usd) by extension 'colcon_meta'
[0.087s] Level 1:colcon.colcon_core.package_identification:_identify(isaac_sim/usd) by extensions ['ros']
[0.087s] Level 1:colcon.colcon_core.package_identification:_identify(isaac_sim/usd) by extension 'ros'
[0.087s] Level 1:colcon.colcon_core.package_identification:_identify(isaac_sim/usd) by extensions ['cmake', 'python']
[0.087s] Level 1:colcon.colcon_core.package_identification:_identify(isaac_sim/usd) by extension 'cmake'
[0.087s] Level 1:colcon.colcon_core.package_identification:_identify(isaac_sim/usd) by extension 'python'
[0.087s] Level 1:colcon.colcon_core.package_identification:_identify(isaac_sim/usd) by extensions ['python_setup_py']
[0.087s] Level 1:colcon.colcon_core.package_identification:_identify(isaac_sim/usd) by extension 'python_setup_py'
[0.087s] Level 1:colcon.colcon_core.package_identification:_identify(isaac_sim/usd/env_temp_p3020_gripper) by extensions ['ignore', 'ignore_ament_install']
[0.087s] Level 1:colcon.colcon_core.package_identification:_identify(isaac_sim/usd/env_temp_p3020_gripper) by extension 'ignore'
[0.087s] Level 1:colcon.colcon_core.package_identification:_identify(isaac_sim/usd/env_temp_p3020_gripper) by extension 'ignore_ament_install'
[0.087s] Level 1:colcon.colcon_core.package_identification:_identify(isaac_sim/usd/env_temp_p3020_gripper) by extensions ['colcon_pkg']
[0.087s] Level 1:colcon.colcon_core.package_identification:_identify(isaac_sim/usd/env_temp_p3020_gripper) by extension 'colcon_pkg'
[0.087s] Level 1:colcon.colcon_core.package_identification:_identify(isaac_sim/usd/env_temp_p3020_gripper) by extensions ['colcon_meta']
[0.087s] Level 1:colcon.colcon_core.package_identification:_identify(isaac_sim/usd/env_temp_p3020_gripper) by extension 'colcon_meta'
[0.087s] Level 1:colcon.colcon_core.package_identification:_identify(isaac_sim/usd/env_temp_p3020_gripper) by extensions ['ros']
[0.087s] Level 1:colcon.colcon_core.package_identification:_identify(isaac_sim/usd/env_temp_p3020_gripper) by extension 'ros'
[0.087s] Level 1:colcon.colcon_core.package_identification:_identify(isaac_sim/usd/env_temp_p3020_gripper) by extensions ['cmake', 'python']
[0.087s] Level 1:colcon.colcon_core.package_identification:_identify(isaac_sim/usd/env_temp_p3020_gripper) by extension 'cmake'
[0.087s] Level 1:colcon.colcon_core.package_identification:_identify(isaac_sim/usd/env_temp_p3020_gripper) by extension 'python'
[0.087s] Level 1:colcon.colcon_core.package_identification:_identify(isaac_sim/usd/env_temp_p3020_gripper) by extensions ['python_setup_py']
[0.087s] Level 1:colcon.colcon_core.package_identification:_identify(isaac_sim/usd/env_temp_p3020_gripper) by extension 'python_setup_py'
[0.087s] Level 1:colcon.colcon_core.package_identification:_identify(isaac_sim/usd/env_temp_p3020_gripper/home) by extensions ['ignore', 'ignore_ament_install']
[0.087s] Level 1:colcon.colcon_core.package_identification:_identify(isaac_sim/usd/env_temp_p3020_gripper/home) by extension 'ignore'
[0.087s] Level 1:colcon.colcon_core.package_identification:_identify(isaac_sim/usd/env_temp_p3020_gripper/home) by extension 'ignore_ament_install'
[0.087s] Level 1:colcon.colcon_core.package_identification:_identify(isaac_sim/usd/env_temp_p3020_gripper/home) by extensions ['colcon_pkg']
[0.087s] Level 1:colcon.colcon_core.package_identification:_identify(isaac_sim/usd/env_temp_p3020_gripper/home) by extension 'colcon_pkg'
[0.087s] Level 1:colcon.colcon_core.package_identification:_identify(isaac_sim/usd/env_temp_p3020_gripper/home) by extensions ['colcon_meta']
[0.087s] Level 1:colcon.colcon_core.package_identification:_identify(isaac_sim/usd/env_temp_p3020_gripper/home) by extension 'colcon_meta'
[0.087s] Level 1:colcon.colcon_core.package_identification:_identify(isaac_sim/usd/env_temp_p3020_gripper/home) by extensions ['ros']
[0.087s] Level 1:colcon.colcon_core.package_identification:_identify(isaac_sim/usd/env_temp_p3020_gripper/home) by extension 'ros'
[0.087s] Level 1:colcon.colcon_core.package_identification:_identify(isaac_sim/usd/env_temp_p3020_gripper/home) by extensions ['cmake', 'python']
[0.087s] Level 1:colcon.colcon_core.package_identification:_identify(isaac_sim/usd/env_temp_p3020_gripper/home) by extension 'cmake'
[0.087s] Level 1:colcon.colcon_core.package_identification:_identify(isaac_sim/usd/env_temp_p3020_gripper/home) by extension 'python'
[0.087s] Level 1:colcon.colcon_core.package_identification:_identify(isaac_sim/usd/env_temp_p3020_gripper/home) by extensions ['python_setup_py']
[0.087s] Level 1:colcon.colcon_core.package_identification:_identify(isaac_sim/usd/env_temp_p3020_gripper/home) by extension 'python_setup_py'
[0.087s] Level 1:colcon.colcon_core.package_identification:_identify(isaac_sim/usd/env_temp_p3020_gripper/home/rokey) by extensions ['ignore', 'ignore_ament_install']
[0.087s] Level 1:colcon.colcon_core.package_identification:_identify(isaac_sim/usd/env_temp_p3020_gripper/home/rokey) by extension 'ignore'
[0.087s] Level 1:colcon.colcon_core.package_identification:_identify(isaac_sim/usd/env_temp_p3020_gripper/home/rokey) by extension 'ignore_ament_install'
[0.087s] Level 1:colcon.colcon_core.package_identification:_identify(isaac_sim/usd/env_temp_p3020_gripper/home/rokey) by extensions ['colcon_pkg']
[0.087s] Level 1:colcon.colcon_core.package_identification:_identify(isaac_sim/usd/env_temp_p3020_gripper/home/rokey) by extension 'colcon_pkg'
[0.087s] Level 1:colcon.colcon_core.package_identification:_identify(isaac_sim/usd/env_temp_p3020_gripper/home/rokey) by extensions ['colcon_meta']
[0.087s] Level 1:colcon.colcon_core.package_identification:_identify(isaac_sim/usd/env_temp_p3020_gripper/home/rokey) by extension 'colcon_meta'
[0.087s] Level 1:colcon.colcon_core.package_identification:_identify(isaac_sim/usd/env_temp_p3020_gripper/home/rokey) by extensions ['ros']
[0.087s] Level 1:colcon.colcon_core.package_identification:_identify(isaac_sim/usd/env_temp_p3020_gripper/home/rokey) by extension 'ros'
[0.087s] Level 1:colcon.colcon_core.package_identification:_identify(isaac_sim/usd/env_temp_p3020_gripper/home/rokey) by extensions ['cmake', 'python']
[0.087s] Level 1:colcon.colcon_core.package_identification:_identify(isaac_sim/usd/env_temp_p3020_gripper/home/rokey) by extension 'cmake'
[0.087s] Level 1:colcon.colcon_core.package_identification:_identify(isaac_sim/usd/env_temp_p3020_gripper/home/rokey) by extension 'python'
[0.087s] Level 1:colcon.colcon_core.package_identification:_identify(isaac_sim/usd/env_temp_p3020_gripper/home/rokey) by extensions ['python_setup_py']
[0.087s] Level 1:colcon.colcon_core.package_identification:_identify(isaac_sim/usd/env_temp_p3020_gripper/home/rokey) by extension 'python_setup_py'
[0.087s] Level 1:colcon.colcon_core.package_identification:_identify(isaac_sim/usd/env_temp_p3020_gripper/home/rokey/collaboration) by extensions ['ignore', 'ignore_ament_install']
[0.087s] Level 1:colcon.colcon_core.package_identification:_identify(isaac_sim/usd/env_temp_p3020_gripper/home/rokey/collaboration) by extension 'ignore'
[0.087s] Level 1:colcon.colcon_core.package_identification:_identify(isaac_sim/usd/env_temp_p3020_gripper/home/rokey/collaboration) by extension 'ignore_ament_install'
[0.087s] Level 1:colcon.colcon_core.package_identification:_identify(isaac_sim/usd/env_temp_p3020_gripper/home/rokey/collaboration) by extensions ['colcon_pkg']
[0.087s] Level 1:colcon.colcon_core.package_identification:_identify(isaac_sim/usd/env_temp_p3020_gripper/home/rokey/collaboration) by extension 'colcon_pkg'
[0.087s] Level 1:colcon.colcon_core.package_identification:_identify(isaac_sim/usd/env_temp_p3020_gripper/home/rokey/collaboration) by extensions ['colcon_meta']
[0.087s] Level 1:colcon.colcon_core.package_identification:_identify(isaac_sim/usd/env_temp_p3020_gripper/home/rokey/collaboration) by extension 'colcon_meta'
[0.087s] Level 1:colcon.colcon_core.package_identification:_identify(isaac_sim/usd/env_temp_p3020_gripper/home/rokey/collaboration) by extensions ['ros']
[0.088s] Level 1:colcon.colcon_core.package_identification:_identify(isaac_sim/usd/env_temp_p3020_gripper/home/rokey/collaboration) by extension 'ros'
[0.088s] Level 1:colcon.colcon_core.package_identification:_identify(isaac_sim/usd/env_temp_p3020_gripper/home/rokey/collaboration) by extensions ['cmake', 'python']
[0.088s] Level 1:colcon.colcon_core.package_identification:_identify(isaac_sim/usd/env_temp_p3020_gripper/home/rokey/collaboration) by extension 'cmake'
[0.088s] Level 1:colcon.colcon_core.package_identification:_identify(isaac_sim/usd/env_temp_p3020_gripper/home/rokey/collaboration) by extension 'python'
[0.088s] Level 1:colcon.colcon_core.package_identification:_identify(isaac_sim/usd/env_temp_p3020_gripper/home/rokey/collaboration) by extensions ['python_setup_py']
[0.088s] Level 1:colcon.colcon_core.package_identification:_identify(isaac_sim/usd/env_temp_p3020_gripper/home/rokey/collaboration) by extension 'python_setup_py'
[0.088s] Level 1:colcon.colcon_core.package_identification:_identify(isaac_sim/usd/env_temp_p3020_gripper/home/rokey/collaboration/cobot3-ws-c2) by extensions ['ignore', 'ignore_ament_install']
[0.088s] Level 1:colcon.colcon_core.package_identification:_identify(isaac_sim/usd/env_temp_p3020_gripper/home/rokey/collaboration/cobot3-ws-c2) by extension 'ignore'
[0.088s] Level 1:colcon.colcon_core.package_identification:_identify(isaac_sim/usd/env_temp_p3020_gripper/home/rokey/collaboration/cobot3-ws-c2) by extension 'ignore_ament_install'
[0.088s] Level 1:colcon.colcon_core.package_identification:_identify(isaac_sim/usd/env_temp_p3020_gripper/home/rokey/collaboration/cobot3-ws-c2) by extensions ['colcon_pkg']
[0.088s] Level 1:colcon.colcon_core.package_identification:_identify(isaac_sim/usd/env_temp_p3020_gripper/home/rokey/collaboration/cobot3-ws-c2) by extension 'colcon_pkg'
[0.088s] Level 1:colcon.colcon_core.package_identification:_identify(isaac_sim/usd/env_temp_p3020_gripper/home/rokey/collaboration/cobot3-ws-c2) by extensions ['colcon_meta']
[0.088s] Level 1:colcon.colcon_core.package_identification:_identify(isaac_sim/usd/env_temp_p3020_gripper/home/rokey/collaboration/cobot3-ws-c2) by extension 'colcon_meta'
[0.088s] Level 1:colcon.colcon_core.package_identification:_identify(isaac_sim/usd/env_temp_p3020_gripper/home/rokey/collaboration/cobot3-ws-c2) by extensions ['ros']
[0.088s] Level 1:colcon.colcon_core.package_identification:_identify(isaac_sim/usd/env_temp_p3020_gripper/home/rokey/collaboration/cobot3-ws-c2) by extension 'ros'
[0.088s] Level 1:colcon.colcon_core.package_identification:_identify(isaac_sim/usd/env_temp_p3020_gripper/home/rokey/collaboration/cobot3-ws-c2) by extensions ['cmake', 'python']
[0.088s] Level 1:colcon.colcon_core.package_identification:_identify(isaac_sim/usd/env_temp_p3020_gripper/home/rokey/collaboration/cobot3-ws-c2) by extension 'cmake'
[0.088s] Level 1:colcon.colcon_core.package_identification:_identify(isaac_sim/usd/env_temp_p3020_gripper/home/rokey/collaboration/cobot3-ws-c2) by extension 'python'
[0.088s] Level 1:colcon.colcon_core.package_identification:_identify(isaac_sim/usd/env_temp_p3020_gripper/home/rokey/collaboration/cobot3-ws-c2) by extensions ['python_setup_py']
[0.088s] Level 1:colcon.colcon_core.package_identification:_identify(isaac_sim/usd/env_temp_p3020_gripper/home/rokey/collaboration/cobot3-ws-c2) by extension 'python_setup_py'
[0.088s] Level 1:colcon.colcon_core.package_identification:_identify(isaac_sim/usd/env_temp_p3020_gripper/home/rokey/collaboration/cobot3-ws-c2/isaac_sim) by extensions ['ignore', 'ignore_ament_install']
[0.088s] Level 1:colcon.colcon_core.package_identification:_identify(isaac_sim/usd/env_temp_p3020_gripper/home/rokey/collaboration/cobot3-ws-c2/isaac_sim) by extension 'ignore'
[0.088s] Level 1:colcon.colcon_core.package_identification:_identify(isaac_sim/usd/env_temp_p3020_gripper/home/rokey/collaboration/cobot3-ws-c2/isaac_sim) by extension 'ignore_ament_install'
[0.088s] Level 1:colcon.colcon_core.package_identification:_identify(isaac_sim/usd/env_temp_p3020_gripper/home/rokey/collaboration/cobot3-ws-c2/isaac_sim) by extensions ['colcon_pkg']
[0.088s] Level 1:colcon.colcon_core.package_identification:_identify(isaac_sim/usd/env_temp_p3020_gripper/home/rokey/collaboration/cobot3-ws-c2/isaac_sim) by extension 'colcon_pkg'
[0.088s] Level 1:colcon.colcon_core.package_identification:_identify(isaac_sim/usd/env_temp_p3020_gripper/home/rokey/collaboration/cobot3-ws-c2/isaac_sim) by extensions ['colcon_meta']
[0.088s] Level 1:colcon.colcon_core.package_identification:_identify(isaac_sim/usd/env_temp_p3020_gripper/home/rokey/collaboration/cobot3-ws-c2/isaac_sim) by extension 'colcon_meta'
[0.088s] Level 1:colcon.colcon_core.package_identification:_identify(isaac_sim/usd/env_temp_p3020_gripper/home/rokey/collaboration/cobot3-ws-c2/isaac_sim) by extensions ['ros']
[0.088s] Level 1:colcon.colcon_core.package_identification:_identify(isaac_sim/usd/env_temp_p3020_gripper/home/rokey/collaboration/cobot3-ws-c2/isaac_sim) by extension 'ros'
[0.088s] Level 1:colcon.colcon_core.package_identification:_identify(isaac_sim/usd/env_temp_p3020_gripper/home/rokey/collaboration/cobot3-ws-c2/isaac_sim) by extensions ['cmake', 'python']
[0.088s] Level 1:colcon.colcon_core.package_identification:_identify(isaac_sim/usd/env_temp_p3020_gripper/home/rokey/collaboration/cobot3-ws-c2/isaac_sim) by extension 'cmake'
[0.088s] Level 1:colcon.colcon_core.package_identification:_identify(isaac_sim/usd/env_temp_p3020_gripper/home/rokey/collaboration/cobot3-ws-c2/isaac_sim) by extension 'python'
[0.088s] Level 1:colcon.colcon_core.package_identification:_identify(isaac_sim/usd/env_temp_p3020_gripper/home/rokey/collaboration/cobot3-ws-c2/isaac_sim) by extensions ['python_setup_py']
[0.088s] Level 1:colcon.colcon_core.package_identification:_identify(isaac_sim/usd/env_temp_p3020_gripper/home/rokey/collaboration/cobot3-ws-c2/isaac_sim) by extension 'python_setup_py'
[0.088s] Level 1:colcon.colcon_core.package_identification:_identify(isaac_sim/usd/env_temp_p3020_gripper/home/rokey/collaboration/cobot3-ws-c2/isaac_sim/assets) by extensions ['ignore', 'ignore_ament_install']
[0.088s] Level 1:colcon.colcon_core.package_identification:_identify(isaac_sim/usd/env_temp_p3020_gripper/home/rokey/collaboration/cobot3-ws-c2/isaac_sim/assets) by extension 'ignore'
[0.088s] Level 1:colcon.colcon_core.package_identification:_identify(isaac_sim/usd/env_temp_p3020_gripper/home/rokey/collaboration/cobot3-ws-c2/isaac_sim/assets) by extension 'ignore_ament_install'
[0.088s] Level 1:colcon.colcon_core.package_identification:_identify(isaac_sim/usd/env_temp_p3020_gripper/home/rokey/collaboration/cobot3-ws-c2/isaac_sim/assets) by extensions ['colcon_pkg']
[0.088s] Level 1:colcon.colcon_core.package_identification:_identify(isaac_sim/usd/env_temp_p3020_gripper/home/rokey/collaboration/cobot3-ws-c2/isaac_sim/assets) by extension 'colcon_pkg'
[0.088s] Level 1:colcon.colcon_core.package_identification:_identify(isaac_sim/usd/env_temp_p3020_gripper/home/rokey/collaboration/cobot3-ws-c2/isaac_sim/assets) by extensions ['colcon_meta']
[0.088s] Level 1:colcon.colcon_core.package_identification:_identify(isaac_sim/usd/env_temp_p3020_gripper/home/rokey/collaboration/cobot3-ws-c2/isaac_sim/assets) by extension 'colcon_meta'
[0.088s] Level 1:colcon.colcon_core.package_identification:_identify(isaac_sim/usd/env_temp_p3020_gripper/home/rokey/collaboration/cobot3-ws-c2/isaac_sim/assets) by extensions ['ros']
[0.088s] Level 1:colcon.colcon_core.package_identification:_identify(isaac_sim/usd/env_temp_p3020_gripper/home/rokey/collaboration/cobot3-ws-c2/isaac_sim/assets) by extension 'ros'
[0.088s] Level 1:colcon.colcon_core.package_identification:_identify(isaac_sim/usd/env_temp_p3020_gripper/home/rokey/collaboration/cobot3-ws-c2/isaac_sim/assets) by extensions ['cmake', 'python']
[0.088s] Level 1:colcon.colcon_core.package_identification:_identify(isaac_sim/usd/env_temp_p3020_gripper/home/rokey/collaboration/cobot3-ws-c2/isaac_sim/assets) by extension 'cmake'
[0.088s] Level 1:colcon.colcon_core.package_identification:_identify(isaac_sim/usd/env_temp_p3020_gripper/home/rokey/collaboration/cobot3-ws-c2/isaac_sim/assets) by extension 'python'
[0.088s] Level 1:colcon.colcon_core.package_identification:_identify(isaac_sim/usd/env_temp_p3020_gripper/home/rokey/collaboration/cobot3-ws-c2/isaac_sim/assets) by extensions ['python_setup_py']
[0.088s] Level 1:colcon.colcon_core.package_identification:_identify(isaac_sim/usd/env_temp_p3020_gripper/home/rokey/collaboration/cobot3-ws-c2/isaac_sim/assets) by extension 'python_setup_py'
[0.088s] Level 1:colcon.colcon_core.package_identification:_identify(isaac_sim/usd/env_temp_p3020_gripper/home/rokey/collaboration/cobot3-ws-c2/isaac_sim/assets/p3020) by extensions ['ignore', 'ignore_ament_install']
[0.088s] Level 1:colcon.colcon_core.package_identification:_identify(isaac_sim/usd/env_temp_p3020_gripper/home/rokey/collaboration/cobot3-ws-c2/isaac_sim/assets/p3020) by extension 'ignore'
[0.089s] Level 1:colcon.colcon_core.package_identification:_identify(isaac_sim/usd/env_temp_p3020_gripper/home/rokey/collaboration/cobot3-ws-c2/isaac_sim/assets/p3020) by extension 'ignore_ament_install'
[0.089s] Level 1:colcon.colcon_core.package_identification:_identify(isaac_sim/usd/env_temp_p3020_gripper/home/rokey/collaboration/cobot3-ws-c2/isaac_sim/assets/p3020) by extensions ['colcon_pkg']
[0.089s] Level 1:colcon.colcon_core.package_identification:_identify(isaac_sim/usd/env_temp_p3020_gripper/home/rokey/collaboration/cobot3-ws-c2/isaac_sim/assets/p3020) by extension 'colcon_pkg'
[0.089s] Level 1:colcon.colcon_core.package_identification:_identify(isaac_sim/usd/env_temp_p3020_gripper/home/rokey/collaboration/cobot3-ws-c2/isaac_sim/assets/p3020) by extensions ['colcon_meta']
[0.089s] Level 1:colcon.colcon_core.package_identification:_identify(isaac_sim/usd/env_temp_p3020_gripper/home/rokey/collaboration/cobot3-ws-c2/isaac_sim/assets/p3020) by extension 'colcon_meta'
[0.089s] Level 1:colcon.colcon_core.package_identification:_identify(isaac_sim/usd/env_temp_p3020_gripper/home/rokey/collaboration/cobot3-ws-c2/isaac_sim/assets/p3020) by extensions ['ros']
[0.089s] Level 1:colcon.colcon_core.package_identification:_identify(isaac_sim/usd/env_temp_p3020_gripper/home/rokey/collaboration/cobot3-ws-c2/isaac_sim/assets/p3020) by extension 'ros'
[0.089s] Level 1:colcon.colcon_core.package_identification:_identify(isaac_sim/usd/env_temp_p3020_gripper/home/rokey/collaboration/cobot3-ws-c2/isaac_sim/assets/p3020) by extensions ['cmake', 'python']
[0.089s] Level 1:colcon.colcon_core.package_identification:_identify(isaac_sim/usd/env_temp_p3020_gripper/home/rokey/collaboration/cobot3-ws-c2/isaac_sim/assets/p3020) by extension 'cmake'
[0.089s] Level 1:colcon.colcon_core.package_identification:_identify(isaac_sim/usd/env_temp_p3020_gripper/home/rokey/collaboration/cobot3-ws-c2/isaac_sim/assets/p3020) by extension 'python'
[0.089s] Level 1:colcon.colcon_core.package_identification:_identify(isaac_sim/usd/env_temp_p3020_gripper/home/rokey/collaboration/cobot3-ws-c2/isaac_sim/assets/p3020) by extensions ['python_setup_py']
[0.089s] Level 1:colcon.colcon_core.package_identification:_identify(isaac_sim/usd/env_temp_p3020_gripper/home/rokey/collaboration/cobot3-ws-c2/isaac_sim/assets/p3020) by extension 'python_setup_py'
[0.089s] Level 1:colcon.colcon_core.package_identification:_identify(isaac_sim/usd/env_temp_p3020_gripper/home/rokey/collaboration/cobot3-ws-c2/isaac_sim/assets/p3020/P3020_mount_vgp20_rsd455_1) by extensions ['ignore', 'ignore_ament_install']
[0.089s] Level 1:colcon.colcon_core.package_identification:_identify(isaac_sim/usd/env_temp_p3020_gripper/home/rokey/collaboration/cobot3-ws-c2/isaac_sim/assets/p3020/P3020_mount_vgp20_rsd455_1) by extension 'ignore'
[0.089s] Level 1:colcon.colcon_core.package_identification:_identify(isaac_sim/usd/env_temp_p3020_gripper/home/rokey/collaboration/cobot3-ws-c2/isaac_sim/assets/p3020/P3020_mount_vgp20_rsd455_1) by extension 'ignore_ament_install'
[0.089s] Level 1:colcon.colcon_core.package_identification:_identify(isaac_sim/usd/env_temp_p3020_gripper/home/rokey/collaboration/cobot3-ws-c2/isaac_sim/assets/p3020/P3020_mount_vgp20_rsd455_1) by extensions ['colcon_pkg']
[0.089s] Level 1:colcon.colcon_core.package_identification:_identify(isaac_sim/usd/env_temp_p3020_gripper/home/rokey/collaboration/cobot3-ws-c2/isaac_sim/assets/p3020/P3020_mount_vgp20_rsd455_1) by extension 'colcon_pkg'
[0.089s] Level 1:colcon.colcon_core.package_identification:_identify(isaac_sim/usd/env_temp_p3020_gripper/home/rokey/collaboration/cobot3-ws-c2/isaac_sim/assets/p3020/P3020_mount_vgp20_rsd455_1) by extensions ['colcon_meta']
[0.089s] Level 1:colcon.colcon_core.package_identification:_identify(isaac_sim/usd/env_temp_p3020_gripper/home/rokey/collaboration/cobot3-ws-c2/isaac_sim/assets/p3020/P3020_mount_vgp20_rsd455_1) by extension 'colcon_meta'
[0.089s] Level 1:colcon.colcon_core.package_identification:_identify(isaac_sim/usd/env_temp_p3020_gripper/home/rokey/collaboration/cobot3-ws-c2/isaac_sim/assets/p3020/P3020_mount_vgp20_rsd455_1) by extensions ['ros']
[0.089s] Level 1:colcon.colcon_core.package_identification:_identify(isaac_sim/usd/env_temp_p3020_gripper/home/rokey/collaboration/cobot3-ws-c2/isaac_sim/assets/p3020/P3020_mount_vgp20_rsd455_1) by extension 'ros'
[0.089s] Level 1:colcon.colcon_core.package_identification:_identify(isaac_sim/usd/env_temp_p3020_gripper/home/rokey/collaboration/cobot3-ws-c2/isaac_sim/assets/p3020/P3020_mount_vgp20_rsd455_1) by extensions ['cmake', 'python']
[0.089s] Level 1:colcon.colcon_core.package_identification:_identify(isaac_sim/usd/env_temp_p3020_gripper/home/rokey/collaboration/cobot3-ws-c2/isaac_sim/assets/p3020/P3020_mount_vgp20_rsd455_1) by extension 'cmake'
[0.089s] Level 1:colcon.colcon_core.package_identification:_identify(isaac_sim/usd/env_temp_p3020_gripper/home/rokey/collaboration/cobot3-ws-c2/isaac_sim/assets/p3020/P3020_mount_vgp20_rsd455_1) by extension 'python'
[0.089s] Level 1:colcon.colcon_core.package_identification:_identify(isaac_sim/usd/env_temp_p3020_gripper/home/rokey/collaboration/cobot3-ws-c2/isaac_sim/assets/p3020/P3020_mount_vgp20_rsd455_1) by extensions ['python_setup_py']
[0.089s] Level 1:colcon.colcon_core.package_identification:_identify(isaac_sim/usd/env_temp_p3020_gripper/home/rokey/collaboration/cobot3-ws-c2/isaac_sim/assets/p3020/P3020_mount_vgp20_rsd455_1) by extension 'python_setup_py'
[0.089s] Level 1:colcon.colcon_core.package_identification:_identify(isaac_sim/usd/env_temp_p3020_gripper/home/rokey/collaboration/cobot3-ws-c2/isaac_sim/assets/p3020/P3020_mount_vgp20_rsd455_1/SubUSDs) by extensions ['ignore', 'ignore_ament_install']
[0.089s] Level 1:colcon.colcon_core.package_identification:_identify(isaac_sim/usd/env_temp_p3020_gripper/home/rokey/collaboration/cobot3-ws-c2/isaac_sim/assets/p3020/P3020_mount_vgp20_rsd455_1/SubUSDs) by extension 'ignore'
[0.089s] Level 1:colcon.colcon_core.package_identification:_identify(isaac_sim/usd/env_temp_p3020_gripper/home/rokey/collaboration/cobot3-ws-c2/isaac_sim/assets/p3020/P3020_mount_vgp20_rsd455_1/SubUSDs) by extension 'ignore_ament_install'
[0.089s] Level 1:colcon.colcon_core.package_identification:_identify(isaac_sim/usd/env_temp_p3020_gripper/home/rokey/collaboration/cobot3-ws-c2/isaac_sim/assets/p3020/P3020_mount_vgp20_rsd455_1/SubUSDs) by extensions ['colcon_pkg']
[0.089s] Level 1:colcon.colcon_core.package_identification:_identify(isaac_sim/usd/env_temp_p3020_gripper/home/rokey/collaboration/cobot3-ws-c2/isaac_sim/assets/p3020/P3020_mount_vgp20_rsd455_1/SubUSDs) by extension 'colcon_pkg'
[0.089s] Level 1:colcon.colcon_core.package_identification:_identify(isaac_sim/usd/env_temp_p3020_gripper/home/rokey/collaboration/cobot3-ws-c2/isaac_sim/assets/p3020/P3020_mount_vgp20_rsd455_1/SubUSDs) by extensions ['colcon_meta']
[0.089s] Level 1:colcon.colcon_core.package_identification:_identify(isaac_sim/usd/env_temp_p3020_gripper/home/rokey/collaboration/cobot3-ws-c2/isaac_sim/assets/p3020/P3020_mount_vgp20_rsd455_1/SubUSDs) by extension 'colcon_meta'
[0.089s] Level 1:colcon.colcon_core.package_identification:_identify(isaac_sim/usd/env_temp_p3020_gripper/home/rokey/collaboration/cobot3-ws-c2/isaac_sim/assets/p3020/P3020_mount_vgp20_rsd455_1/SubUSDs) by extensions ['ros']
[0.089s] Level 1:colcon.colcon_core.package_identification:_identify(isaac_sim/usd/env_temp_p3020_gripper/home/rokey/collaboration/cobot3-ws-c2/isaac_sim/assets/p3020/P3020_mount_vgp20_rsd455_1/SubUSDs) by extension 'ros'
[0.089s] Level 1:colcon.colcon_core.package_identification:_identify(isaac_sim/usd/env_temp_p3020_gripper/home/rokey/collaboration/cobot3-ws-c2/isaac_sim/assets/p3020/P3020_mount_vgp20_rsd455_1/SubUSDs) by extensions ['cmake', 'python']
[0.089s] Level 1:colcon.colcon_core.package_identification:_identify(isaac_sim/usd/env_temp_p3020_gripper/home/rokey/collaboration/cobot3-ws-c2/isaac_sim/assets/p3020/P3020_mount_vgp20_rsd455_1/SubUSDs) by extension 'cmake'
[0.089s] Level 1:colcon.colcon_core.package_identification:_identify(isaac_sim/usd/env_temp_p3020_gripper/home/rokey/collaboration/cobot3-ws-c2/isaac_sim/assets/p3020/P3020_mount_vgp20_rsd455_1/SubUSDs) by extension 'python'
[0.089s] Level 1:colcon.colcon_core.package_identification:_identify(isaac_sim/usd/env_temp_p3020_gripper/home/rokey/collaboration/cobot3-ws-c2/isaac_sim/assets/p3020/P3020_mount_vgp20_rsd455_1/SubUSDs) by extensions ['python_setup_py']
[0.089s] Level 1:colcon.colcon_core.package_identification:_identify(isaac_sim/usd/env_temp_p3020_gripper/home/rokey/collaboration/cobot3-ws-c2/isaac_sim/assets/p3020/P3020_mount_vgp20_rsd455_1/SubUSDs) by extension 'python_setup_py'
[0.089s] Level 1:colcon.colcon_core.package_identification:_identify(isaac_sim/usd/env_temp_p3020_gripper/home/rokey/collaboration/cobot3-ws-c2/isaac_sim/assets/p3020/P3020_mount_vgp20_rsd455_1/SubUSDs/materials) by extensions ['ignore', 'ignore_ament_install']
[0.089s] Level 1:colcon.colcon_core.package_identification:_identify(isaac_sim/usd/env_temp_p3020_gripper/home/rokey/collaboration/cobot3-ws-c2/isaac_sim/assets/p3020/P3020_mount_vgp20_rsd455_1/SubUSDs/materials) by extension 'ignore'
[0.089s] Level 1:colcon.colcon_core.package_identification:_identify(isaac_sim/usd/env_temp_p3020_gripper/home/rokey/collaboration/cobot3-ws-c2/isaac_sim/assets/p3020/P3020_mount_vgp20_rsd455_1/SubUSDs/materials) by extension 'ignore_ament_install'
[0.089s] Level 1:colcon.colcon_core.package_identification:_identify(isaac_sim/usd/env_temp_p3020_gripper/home/rokey/collaboration/cobot3-ws-c2/isaac_sim/assets/p3020/P3020_mount_vgp20_rsd455_1/SubUSDs/materials) by extensions ['colcon_pkg']
[0.089s] Level 1:colcon.colcon_core.package_identification:_identify(isaac_sim/usd/env_temp_p3020_gripper/home/rokey/collaboration/cobot3-ws-c2/isaac_sim/assets/p3020/P3020_mount_vgp20_rsd455_1/SubUSDs/materials) by extension 'colcon_pkg'
[0.089s] Level 1:colcon.colcon_core.package_identification:_identify(isaac_sim/usd/env_temp_p3020_gripper/home/rokey/collaboration/cobot3-ws-c2/isaac_sim/assets/p3020/P3020_mount_vgp20_rsd455_1/SubUSDs/materials) by extensions ['colcon_meta']
[0.089s] Level 1:colcon.colcon_core.package_identification:_identify(isaac_sim/usd/env_temp_p3020_gripper/home/rokey/collaboration/cobot3-ws-c2/isaac_sim/assets/p3020/P3020_mount_vgp20_rsd455_1/SubUSDs/materials) by extension 'colcon_meta'
[0.089s] Level 1:colcon.colcon_core.package_identification:_identify(isaac_sim/usd/env_temp_p3020_gripper/home/rokey/collaboration/cobot3-ws-c2/isaac_sim/assets/p3020/P3020_mount_vgp20_rsd455_1/SubUSDs/materials) by extensions ['ros']
[0.089s] Level 1:colcon.colcon_core.package_identification:_identify(isaac_sim/usd/env_temp_p3020_gripper/home/rokey/collaboration/cobot3-ws-c2/isaac_sim/assets/p3020/P3020_mount_vgp20_rsd455_1/SubUSDs/materials) by extension 'ros'
[0.089s] Level 1:colcon.colcon_core.package_identification:_identify(isaac_sim/usd/env_temp_p3020_gripper/home/rokey/collaboration/cobot3-ws-c2/isaac_sim/assets/p3020/P3020_mount_vgp20_rsd455_1/SubUSDs/materials) by extensions ['cmake', 'python']
[0.089s] Level 1:colcon.colcon_core.package_identification:_identify(isaac_sim/usd/env_temp_p3020_gripper/home/rokey/collaboration/cobot3-ws-c2/isaac_sim/assets/p3020/P3020_mount_vgp20_rsd455_1/SubUSDs/materials) by extension 'cmake'
[0.090s] Level 1:colcon.colcon_core.package_identification:_identify(isaac_sim/usd/env_temp_p3020_gripper/home/rokey/collaboration/cobot3-ws-c2/isaac_sim/assets/p3020/P3020_mount_vgp20_rsd455_1/SubUSDs/materials) by extension 'python'
[0.090s] Level 1:colcon.colcon_core.package_identification:_identify(isaac_sim/usd/env_temp_p3020_gripper/home/rokey/collaboration/cobot3-ws-c2/isaac_sim/assets/p3020/P3020_mount_vgp20_rsd455_1/SubUSDs/materials) by extensions ['python_setup_py']
[0.090s] Level 1:colcon.colcon_core.package_identification:_identify(isaac_sim/usd/env_temp_p3020_gripper/home/rokey/collaboration/cobot3-ws-c2/isaac_sim/assets/p3020/P3020_mount_vgp20_rsd455_1/SubUSDs/materials) by extension 'python_setup_py'
[0.090s] Level 1:colcon.colcon_core.package_identification:_identify(isaac_sim/usd/env_temp_p3020_gripper/home/rokey/collaboration/cobot3-ws-c2/isaac_sim/assets/p3020/P3020_mount_vgp20_rsd455_1/SubUSDs/textures) by extensions ['ignore', 'ignore_ament_install']
[0.090s] Level 1:colcon.colcon_core.package_identification:_identify(isaac_sim/usd/env_temp_p3020_gripper/home/rokey/collaboration/cobot3-ws-c2/isaac_sim/assets/p3020/P3020_mount_vgp20_rsd455_1/SubUSDs/textures) by extension 'ignore'
[0.090s] Level 1:colcon.colcon_core.package_identification:_identify(isaac_sim/usd/env_temp_p3020_gripper/home/rokey/collaboration/cobot3-ws-c2/isaac_sim/assets/p3020/P3020_mount_vgp20_rsd455_1/SubUSDs/textures) by extension 'ignore_ament_install'
[0.090s] Level 1:colcon.colcon_core.package_identification:_identify(isaac_sim/usd/env_temp_p3020_gripper/home/rokey/collaboration/cobot3-ws-c2/isaac_sim/assets/p3020/P3020_mount_vgp20_rsd455_1/SubUSDs/textures) by extensions ['colcon_pkg']
[0.090s] Level 1:colcon.colcon_core.package_identification:_identify(isaac_sim/usd/env_temp_p3020_gripper/home/rokey/collaboration/cobot3-ws-c2/isaac_sim/assets/p3020/P3020_mount_vgp20_rsd455_1/SubUSDs/textures) by extension 'colcon_pkg'
[0.090s] Level 1:colcon.colcon_core.package_identification:_identify(isaac_sim/usd/env_temp_p3020_gripper/home/rokey/collaboration/cobot3-ws-c2/isaac_sim/assets/p3020/P3020_mount_vgp20_rsd455_1/SubUSDs/textures) by extensions ['colcon_meta']
[0.090s] Level 1:colcon.colcon_core.package_identification:_identify(isaac_sim/usd/env_temp_p3020_gripper/home/rokey/collaboration/cobot3-ws-c2/isaac_sim/assets/p3020/P3020_mount_vgp20_rsd455_1/SubUSDs/textures) by extension 'colcon_meta'
[0.090s] Level 1:colcon.colcon_core.package_identification:_identify(isaac_sim/usd/env_temp_p3020_gripper/home/rokey/collaboration/cobot3-ws-c2/isaac_sim/assets/p3020/P3020_mount_vgp20_rsd455_1/SubUSDs/textures) by extensions ['ros']
[0.090s] Level 1:colcon.colcon_core.package_identification:_identify(isaac_sim/usd/env_temp_p3020_gripper/home/rokey/collaboration/cobot3-ws-c2/isaac_sim/assets/p3020/P3020_mount_vgp20_rsd455_1/SubUSDs/textures) by extension 'ros'
[0.090s] Level 1:colcon.colcon_core.package_identification:_identify(isaac_sim/usd/env_temp_p3020_gripper/home/rokey/collaboration/cobot3-ws-c2/isaac_sim/assets/p3020/P3020_mount_vgp20_rsd455_1/SubUSDs/textures) by extensions ['cmake', 'python']
[0.090s] Level 1:colcon.colcon_core.package_identification:_identify(isaac_sim/usd/env_temp_p3020_gripper/home/rokey/collaboration/cobot3-ws-c2/isaac_sim/assets/p3020/P3020_mount_vgp20_rsd455_1/SubUSDs/textures) by extension 'cmake'
[0.090s] Level 1:colcon.colcon_core.package_identification:_identify(isaac_sim/usd/env_temp_p3020_gripper/home/rokey/collaboration/cobot3-ws-c2/isaac_sim/assets/p3020/P3020_mount_vgp20_rsd455_1/SubUSDs/textures) by extension 'python'
[0.090s] Level 1:colcon.colcon_core.package_identification:_identify(isaac_sim/usd/env_temp_p3020_gripper/home/rokey/collaboration/cobot3-ws-c2/isaac_sim/assets/p3020/P3020_mount_vgp20_rsd455_1/SubUSDs/textures) by extensions ['python_setup_py']
[0.090s] Level 1:colcon.colcon_core.package_identification:_identify(isaac_sim/usd/env_temp_p3020_gripper/home/rokey/collaboration/cobot3-ws-c2/isaac_sim/assets/p3020/P3020_mount_vgp20_rsd455_1/SubUSDs/textures) by extension 'python_setup_py'
[0.090s] Level 1:colcon.colcon_core.package_identification:_identify(isaac_sim/usd/env_temp_p3020_gripper/home/rokey/collaboration/cobot3-ws-c2/isaac_sim/usd) by extensions ['ignore', 'ignore_ament_install']
[0.090s] Level 1:colcon.colcon_core.package_identification:_identify(isaac_sim/usd/env_temp_p3020_gripper/home/rokey/collaboration/cobot3-ws-c2/isaac_sim/usd) by extension 'ignore'
[0.090s] Level 1:colcon.colcon_core.package_identification:_identify(isaac_sim/usd/env_temp_p3020_gripper/home/rokey/collaboration/cobot3-ws-c2/isaac_sim/usd) by extension 'ignore_ament_install'
[0.090s] Level 1:colcon.colcon_core.package_identification:_identify(isaac_sim/usd/env_temp_p3020_gripper/home/rokey/collaboration/cobot3-ws-c2/isaac_sim/usd) by extensions ['colcon_pkg']
[0.090s] Level 1:colcon.colcon_core.package_identification:_identify(isaac_sim/usd/env_temp_p3020_gripper/home/rokey/collaboration/cobot3-ws-c2/isaac_sim/usd) by extension 'colcon_pkg'
[0.090s] Level 1:colcon.colcon_core.package_identification:_identify(isaac_sim/usd/env_temp_p3020_gripper/home/rokey/collaboration/cobot3-ws-c2/isaac_sim/usd) by extensions ['colcon_meta']
[0.090s] Level 1:colcon.colcon_core.package_identification:_identify(isaac_sim/usd/env_temp_p3020_gripper/home/rokey/collaboration/cobot3-ws-c2/isaac_sim/usd) by extension 'colcon_meta'
[0.090s] Level 1:colcon.colcon_core.package_identification:_identify(isaac_sim/usd/env_temp_p3020_gripper/home/rokey/collaboration/cobot3-ws-c2/isaac_sim/usd) by extensions ['ros']
[0.090s] Level 1:colcon.colcon_core.package_identification:_identify(isaac_sim/usd/env_temp_p3020_gripper/home/rokey/collaboration/cobot3-ws-c2/isaac_sim/usd) by extension 'ros'
[0.090s] Level 1:colcon.colcon_core.package_identification:_identify(isaac_sim/usd/env_temp_p3020_gripper/home/rokey/collaboration/cobot3-ws-c2/isaac_sim/usd) by extensions ['cmake', 'python']
[0.090s] Level 1:colcon.colcon_core.package_identification:_identify(isaac_sim/usd/env_temp_p3020_gripper/home/rokey/collaboration/cobot3-ws-c2/isaac_sim/usd) by extension 'cmake'
[0.090s] Level 1:colcon.colcon_core.package_identification:_identify(isaac_sim/usd/env_temp_p3020_gripper/home/rokey/collaboration/cobot3-ws-c2/isaac_sim/usd) by extension 'python'
[0.090s] Level 1:colcon.colcon_core.package_identification:_identify(isaac_sim/usd/env_temp_p3020_gripper/home/rokey/collaboration/cobot3-ws-c2/isaac_sim/usd) by extensions ['python_setup_py']
[0.090s] Level 1:colcon.colcon_core.package_identification:_identify(isaac_sim/usd/env_temp_p3020_gripper/home/rokey/collaboration/cobot3-ws-c2/isaac_sim/usd) by extension 'python_setup_py'
[0.090s] Level 1:colcon.colcon_core.package_identification:_identify(isaac_sim/usd/env_temp_p3020_gripper/home/rokey/collaboration/cobot3-ws-c2/isaac_sim/usd/env_temp_p3020_not_gripper_1) by extensions ['ignore', 'ignore_ament_install']
[0.090s] Level 1:colcon.colcon_core.package_identification:_identify(isaac_sim/usd/env_temp_p3020_gripper/home/rokey/collaboration/cobot3-ws-c2/isaac_sim/usd/env_temp_p3020_not_gripper_1) by extension 'ignore'
[0.090s] Level 1:colcon.colcon_core.package_identification:_identify(isaac_sim/usd/env_temp_p3020_gripper/home/rokey/collaboration/cobot3-ws-c2/isaac_sim/usd/env_temp_p3020_not_gripper_1) by extension 'ignore_ament_install'
[0.090s] Level 1:colcon.colcon_core.package_identification:_identify(isaac_sim/usd/env_temp_p3020_gripper/home/rokey/collaboration/cobot3-ws-c2/isaac_sim/usd/env_temp_p3020_not_gripper_1) by extensions ['colcon_pkg']
[0.090s] Level 1:colcon.colcon_core.package_identification:_identify(isaac_sim/usd/env_temp_p3020_gripper/home/rokey/collaboration/cobot3-ws-c2/isaac_sim/usd/env_temp_p3020_not_gripper_1) by extension 'colcon_pkg'
[0.090s] Level 1:colcon.colcon_core.package_identification:_identify(isaac_sim/usd/env_temp_p3020_gripper/home/rokey/collaboration/cobot3-ws-c2/isaac_sim/usd/env_temp_p3020_not_gripper_1) by extensions ['colcon_meta']
[0.090s] Level 1:colcon.colcon_core.package_identification:_identify(isaac_sim/usd/env_temp_p3020_gripper/home/rokey/collaboration/cobot3-ws-c2/isaac_sim/usd/env_temp_p3020_not_gripper_1) by extension 'colcon_meta'
[0.090s] Level 1:colcon.colcon_core.package_identification:_identify(isaac_sim/usd/env_temp_p3020_gripper/home/rokey/collaboration/cobot3-ws-c2/isaac_sim/usd/env_temp_p3020_not_gripper_1) by extensions ['ros']
[0.090s] Level 1:colcon.colcon_core.package_identification:_identify(isaac_sim/usd/env_temp_p3020_gripper/home/rokey/collaboration/cobot3-ws-c2/isaac_sim/usd/env_temp_p3020_not_gripper_1) by extension 'ros'
[0.090s] Level 1:colcon.colcon_core.package_identification:_identify(isaac_sim/usd/env_temp_p3020_gripper/home/rokey/collaboration/cobot3-ws-c2/isaac_sim/usd/env_temp_p3020_not_gripper_1) by extensions ['cmake', 'python']
[0.090s] Level 1:colcon.colcon_core.package_identification:_identify(isaac_sim/usd/env_temp_p3020_gripper/home/rokey/collaboration/cobot3-ws-c2/isaac_sim/usd/env_temp_p3020_not_gripper_1) by extension 'cmake'
[0.090s] Level 1:colcon.colcon_core.package_identification:_identify(isaac_sim/usd/env_temp_p3020_gripper/home/rokey/collaboration/cobot3-ws-c2/isaac_sim/usd/env_temp_p3020_not_gripper_1) by extension 'python'
[0.090s] Level 1:colcon.colcon_core.package_identification:_identify(isaac_sim/usd/env_temp_p3020_gripper/home/rokey/collaboration/cobot3-ws-c2/isaac_sim/usd/env_temp_p3020_not_gripper_1) by extensions ['python_setup_py']
[0.090s] Level 1:colcon.colcon_core.package_identification:_identify(isaac_sim/usd/env_temp_p3020_gripper/home/rokey/collaboration/cobot3-ws-c2/isaac_sim/usd/env_temp_p3020_not_gripper_1) by extension 'python_setup_py'
[0.090s] Level 1:colcon.colcon_core.package_identification:_identify(isaac_sim/usd/env_temp_p3020_gripper/home/rokey/collaboration/cobot3-ws-c2/isaac_sim/usd/env_temp_p3020_not_gripper_1/SubUSDs) by extensions ['ignore', 'ignore_ament_install']
[0.090s] Level 1:colcon.colcon_core.package_identification:_identify(isaac_sim/usd/env_temp_p3020_gripper/home/rokey/collaboration/cobot3-ws-c2/isaac_sim/usd/env_temp_p3020_not_gripper_1/SubUSDs) by extension 'ignore'
[0.090s] Level 1:colcon.colcon_core.package_identification:_identify(isaac_sim/usd/env_temp_p3020_gripper/home/rokey/collaboration/cobot3-ws-c2/isaac_sim/usd/env_temp_p3020_not_gripper_1/SubUSDs) by extension 'ignore_ament_install'
[0.091s] Level 1:colcon.colcon_core.package_identification:_identify(isaac_sim/usd/env_temp_p3020_gripper/home/rokey/collaboration/cobot3-ws-c2/isaac_sim/usd/env_temp_p3020_not_gripper_1/SubUSDs) by extensions ['colcon_pkg']
[0.091s] Level 1:colcon.colcon_core.package_identification:_identify(isaac_sim/usd/env_temp_p3020_gripper/home/rokey/collaboration/cobot3-ws-c2/isaac_sim/usd/env_temp_p3020_not_gripper_1/SubUSDs) by extension 'colcon_pkg'
[0.091s] Level 1:colcon.colcon_core.package_identification:_identify(isaac_sim/usd/env_temp_p3020_gripper/home/rokey/collaboration/cobot3-ws-c2/isaac_sim/usd/env_temp_p3020_not_gripper_1/SubUSDs) by extensions ['colcon_meta']
[0.091s] Level 1:colcon.colcon_core.package_identification:_identify(isaac_sim/usd/env_temp_p3020_gripper/home/rokey/collaboration/cobot3-ws-c2/isaac_sim/usd/env_temp_p3020_not_gripper_1/SubUSDs) by extension 'colcon_meta'
[0.091s] Level 1:colcon.colcon_core.package_identification:_identify(isaac_sim/usd/env_temp_p3020_gripper/home/rokey/collaboration/cobot3-ws-c2/isaac_sim/usd/env_temp_p3020_not_gripper_1/SubUSDs) by extensions ['ros']
[0.091s] Level 1:colcon.colcon_core.package_identification:_identify(isaac_sim/usd/env_temp_p3020_gripper/home/rokey/collaboration/cobot3-ws-c2/isaac_sim/usd/env_temp_p3020_not_gripper_1/SubUSDs) by extension 'ros'
[0.091s] Level 1:colcon.colcon_core.package_identification:_identify(isaac_sim/usd/env_temp_p3020_gripper/home/rokey/collaboration/cobot3-ws-c2/isaac_sim/usd/env_temp_p3020_not_gripper_1/SubUSDs) by extensions ['cmake', 'python']
[0.091s] Level 1:colcon.colcon_core.package_identification:_identify(isaac_sim/usd/env_temp_p3020_gripper/home/rokey/collaboration/cobot3-ws-c2/isaac_sim/usd/env_temp_p3020_not_gripper_1/SubUSDs) by extension 'cmake'
[0.091s] Level 1:colcon.colcon_core.package_identification:_identify(isaac_sim/usd/env_temp_p3020_gripper/home/rokey/collaboration/cobot3-ws-c2/isaac_sim/usd/env_temp_p3020_not_gripper_1/SubUSDs) by extension 'python'
[0.091s] Level 1:colcon.colcon_core.package_identification:_identify(isaac_sim/usd/env_temp_p3020_gripper/home/rokey/collaboration/cobot3-ws-c2/isaac_sim/usd/env_temp_p3020_not_gripper_1/SubUSDs) by extensions ['python_setup_py']
[0.091s] Level 1:colcon.colcon_core.package_identification:_identify(isaac_sim/usd/env_temp_p3020_gripper/home/rokey/collaboration/cobot3-ws-c2/isaac_sim/usd/env_temp_p3020_not_gripper_1/SubUSDs) by extension 'python_setup_py'
[0.091s] Level 1:colcon.colcon_core.package_identification:_identify(isaac_sim/usd/env_temp_p3020_gripper/home/rokey/collaboration/cobot3-ws-c2/isaac_sim/usd/env_temp_p3020_not_gripper_1/SubUSDs/materials) by extensions ['ignore', 'ignore_ament_install']
[0.091s] Level 1:colcon.colcon_core.package_identification:_identify(isaac_sim/usd/env_temp_p3020_gripper/home/rokey/collaboration/cobot3-ws-c2/isaac_sim/usd/env_temp_p3020_not_gripper_1/SubUSDs/materials) by extension 'ignore'
[0.091s] Level 1:colcon.colcon_core.package_identification:_identify(isaac_sim/usd/env_temp_p3020_gripper/home/rokey/collaboration/cobot3-ws-c2/isaac_sim/usd/env_temp_p3020_not_gripper_1/SubUSDs/materials) by extension 'ignore_ament_install'
[0.091s] Level 1:colcon.colcon_core.package_identification:_identify(isaac_sim/usd/env_temp_p3020_gripper/home/rokey/collaboration/cobot3-ws-c2/isaac_sim/usd/env_temp_p3020_not_gripper_1/SubUSDs/materials) by extensions ['colcon_pkg']
[0.091s] Level 1:colcon.colcon_core.package_identification:_identify(isaac_sim/usd/env_temp_p3020_gripper/home/rokey/collaboration/cobot3-ws-c2/isaac_sim/usd/env_temp_p3020_not_gripper_1/SubUSDs/materials) by extension 'colcon_pkg'
[0.091s] Level 1:colcon.colcon_core.package_identification:_identify(isaac_sim/usd/env_temp_p3020_gripper/home/rokey/collaboration/cobot3-ws-c2/isaac_sim/usd/env_temp_p3020_not_gripper_1/SubUSDs/materials) by extensions ['colcon_meta']
[0.091s] Level 1:colcon.colcon_core.package_identification:_identify(isaac_sim/usd/env_temp_p3020_gripper/home/rokey/collaboration/cobot3-ws-c2/isaac_sim/usd/env_temp_p3020_not_gripper_1/SubUSDs/materials) by extension 'colcon_meta'
[0.091s] Level 1:colcon.colcon_core.package_identification:_identify(isaac_sim/usd/env_temp_p3020_gripper/home/rokey/collaboration/cobot3-ws-c2/isaac_sim/usd/env_temp_p3020_not_gripper_1/SubUSDs/materials) by extensions ['ros']
[0.091s] Level 1:colcon.colcon_core.package_identification:_identify(isaac_sim/usd/env_temp_p3020_gripper/home/rokey/collaboration/cobot3-ws-c2/isaac_sim/usd/env_temp_p3020_not_gripper_1/SubUSDs/materials) by extension 'ros'
[0.091s] Level 1:colcon.colcon_core.package_identification:_identify(isaac_sim/usd/env_temp_p3020_gripper/home/rokey/collaboration/cobot3-ws-c2/isaac_sim/usd/env_temp_p3020_not_gripper_1/SubUSDs/materials) by extensions ['cmake', 'python']
[0.091s] Level 1:colcon.colcon_core.package_identification:_identify(isaac_sim/usd/env_temp_p3020_gripper/home/rokey/collaboration/cobot3-ws-c2/isaac_sim/usd/env_temp_p3020_not_gripper_1/SubUSDs/materials) by extension 'cmake'
[0.091s] Level 1:colcon.colcon_core.package_identification:_identify(isaac_sim/usd/env_temp_p3020_gripper/home/rokey/collaboration/cobot3-ws-c2/isaac_sim/usd/env_temp_p3020_not_gripper_1/SubUSDs/materials) by extension 'python'
[0.091s] Level 1:colcon.colcon_core.package_identification:_identify(isaac_sim/usd/env_temp_p3020_gripper/home/rokey/collaboration/cobot3-ws-c2/isaac_sim/usd/env_temp_p3020_not_gripper_1/SubUSDs/materials) by extensions ['python_setup_py']
[0.091s] Level 1:colcon.colcon_core.package_identification:_identify(isaac_sim/usd/env_temp_p3020_gripper/home/rokey/collaboration/cobot3-ws-c2/isaac_sim/usd/env_temp_p3020_not_gripper_1/SubUSDs/materials) by extension 'python_setup_py'
[0.091s] Level 1:colcon.colcon_core.package_identification:_identify(isaac_sim/usd/env_temp_p3020_gripper/home/rokey/collaboration/cobot3-ws-c2/isaac_sim/usd/env_temp_p3020_not_gripper_1/SubUSDs/textures) by extensions ['ignore', 'ignore_ament_install']
[0.091s] Level 1:colcon.colcon_core.package_identification:_identify(isaac_sim/usd/env_temp_p3020_gripper/home/rokey/collaboration/cobot3-ws-c2/isaac_sim/usd/env_temp_p3020_not_gripper_1/SubUSDs/textures) by extension 'ignore'
[0.091s] Level 1:colcon.colcon_core.package_identification:_identify(isaac_sim/usd/env_temp_p3020_gripper/home/rokey/collaboration/cobot3-ws-c2/isaac_sim/usd/env_temp_p3020_not_gripper_1/SubUSDs/textures) by extension 'ignore_ament_install'
[0.091s] Level 1:colcon.colcon_core.package_identification:_identify(isaac_sim/usd/env_temp_p3020_gripper/home/rokey/collaboration/cobot3-ws-c2/isaac_sim/usd/env_temp_p3020_not_gripper_1/SubUSDs/textures) by extensions ['colcon_pkg']
[0.091s] Level 1:colcon.colcon_core.package_identification:_identify(isaac_sim/usd/env_temp_p3020_gripper/home/rokey/collaboration/cobot3-ws-c2/isaac_sim/usd/env_temp_p3020_not_gripper_1/SubUSDs/textures) by extension 'colcon_pkg'
[0.091s] Level 1:colcon.colcon_core.package_identification:_identify(isaac_sim/usd/env_temp_p3020_gripper/home/rokey/collaboration/cobot3-ws-c2/isaac_sim/usd/env_temp_p3020_not_gripper_1/SubUSDs/textures) by extensions ['colcon_meta']
[0.091s] Level 1:colcon.colcon_core.package_identification:_identify(isaac_sim/usd/env_temp_p3020_gripper/home/rokey/collaboration/cobot3-ws-c2/isaac_sim/usd/env_temp_p3020_not_gripper_1/SubUSDs/textures) by extension 'colcon_meta'
[0.091s] Level 1:colcon.colcon_core.package_identification:_identify(isaac_sim/usd/env_temp_p3020_gripper/home/rokey/collaboration/cobot3-ws-c2/isaac_sim/usd/env_temp_p3020_not_gripper_1/SubUSDs/textures) by extensions ['ros']
[0.091s] Level 1:colcon.colcon_core.package_identification:_identify(isaac_sim/usd/env_temp_p3020_gripper/home/rokey/collaboration/cobot3-ws-c2/isaac_sim/usd/env_temp_p3020_not_gripper_1/SubUSDs/textures) by extension 'ros'
[0.091s] Level 1:colcon.colcon_core.package_identification:_identify(isaac_sim/usd/env_temp_p3020_gripper/home/rokey/collaboration/cobot3-ws-c2/isaac_sim/usd/env_temp_p3020_not_gripper_1/SubUSDs/textures) by extensions ['cmake', 'python']
[0.091s] Level 1:colcon.colcon_core.package_identification:_identify(isaac_sim/usd/env_temp_p3020_gripper/home/rokey/collaboration/cobot3-ws-c2/isaac_sim/usd/env_temp_p3020_not_gripper_1/SubUSDs/textures) by extension 'cmake'
[0.091s] Level 1:colcon.colcon_core.package_identification:_identify(isaac_sim/usd/env_temp_p3020_gripper/home/rokey/collaboration/cobot3-ws-c2/isaac_sim/usd/env_temp_p3020_not_gripper_1/SubUSDs/textures) by extension 'python'
[0.091s] Level 1:colcon.colcon_core.package_identification:_identify(isaac_sim/usd/env_temp_p3020_gripper/home/rokey/collaboration/cobot3-ws-c2/isaac_sim/usd/env_temp_p3020_not_gripper_1/SubUSDs/textures) by extensions ['python_setup_py']
[0.091s] Level 1:colcon.colcon_core.package_identification:_identify(isaac_sim/usd/env_temp_p3020_gripper/home/rokey/collaboration/cobot3-ws-c2/isaac_sim/usd/env_temp_p3020_not_gripper_1/SubUSDs/textures) by extension 'python_setup_py'
[0.091s] Level 1:colcon.colcon_core.package_identification:_identify(isaac_sim/usd/env_temp_p3020_not_gripper) by extensions ['ignore', 'ignore_ament_install']
[0.091s] Level 1:colcon.colcon_core.package_identification:_identify(isaac_sim/usd/env_temp_p3020_not_gripper) by extension 'ignore'
[0.091s] Level 1:colcon.colcon_core.package_identification:_identify(isaac_sim/usd/env_temp_p3020_not_gripper) by extension 'ignore_ament_install'
[0.091s] Level 1:colcon.colcon_core.package_identification:_identify(isaac_sim/usd/env_temp_p3020_not_gripper) by extensions ['colcon_pkg']
[0.091s] Level 1:colcon.colcon_core.package_identification:_identify(isaac_sim/usd/env_temp_p3020_not_gripper) by extension 'colcon_pkg'
[0.091s] Level 1:colcon.colcon_core.package_identification:_identify(isaac_sim/usd/env_temp_p3020_not_gripper) by extensions ['colcon_meta']
[0.091s] Level 1:colcon.colcon_core.package_identification:_identify(isaac_sim/usd/env_temp_p3020_not_gripper) by extension 'colcon_meta'
[0.091s] Level 1:colcon.colcon_core.package_identification:_identify(isaac_sim/usd/env_temp_p3020_not_gripper) by extensions ['ros']
[0.091s] Level 1:colcon.colcon_core.package_identification:_identify(isaac_sim/usd/env_temp_p3020_not_gripper) by extension 'ros'
[0.091s] Level 1:colcon.colcon_core.package_identification:_identify(isaac_sim/usd/env_temp_p3020_not_gripper) by extensions ['cmake', 'python']
[0.091s] Level 1:colcon.colcon_core.package_identification:_identify(isaac_sim/usd/env_temp_p3020_not_gripper) by extension 'cmake'
[0.091s] Level 1:colcon.colcon_core.package_identification:_identify(isaac_sim/usd/env_temp_p3020_not_gripper) by extension 'python'
[0.091s] Level 1:colcon.colcon_core.package_identification:_identify(isaac_sim/usd/env_temp_p3020_not_gripper) by extensions ['python_setup_py']
[0.091s] Level 1:colcon.colcon_core.package_identification:_identify(isaac_sim/usd/env_temp_p3020_not_gripper) by extension 'python_setup_py'
[0.092s] Level 1:colcon.colcon_core.package_identification:_identify(isaac_sim/usd/env_temp_p3020_not_gripper/SubUSDs) by extensions ['ignore', 'ignore_ament_install']
[0.092s] Level 1:colcon.colcon_core.package_identification:_identify(isaac_sim/usd/env_temp_p3020_not_gripper/SubUSDs) by extension 'ignore'
[0.092s] Level 1:colcon.colcon_core.package_identification:_identify(isaac_sim/usd/env_temp_p3020_not_gripper/SubUSDs) by extension 'ignore_ament_install'
[0.092s] Level 1:colcon.colcon_core.package_identification:_identify(isaac_sim/usd/env_temp_p3020_not_gripper/SubUSDs) by extensions ['colcon_pkg']
[0.092s] Level 1:colcon.colcon_core.package_identification:_identify(isaac_sim/usd/env_temp_p3020_not_gripper/SubUSDs) by extension 'colcon_pkg'
[0.092s] Level 1:colcon.colcon_core.package_identification:_identify(isaac_sim/usd/env_temp_p3020_not_gripper/SubUSDs) by extensions ['colcon_meta']
[0.092s] Level 1:colcon.colcon_core.package_identification:_identify(isaac_sim/usd/env_temp_p3020_not_gripper/SubUSDs) by extension 'colcon_meta'
[0.092s] Level 1:colcon.colcon_core.package_identification:_identify(isaac_sim/usd/env_temp_p3020_not_gripper/SubUSDs) by extensions ['ros']
[0.092s] Level 1:colcon.colcon_core.package_identification:_identify(isaac_sim/usd/env_temp_p3020_not_gripper/SubUSDs) by extension 'ros'
[0.092s] Level 1:colcon.colcon_core.package_identification:_identify(isaac_sim/usd/env_temp_p3020_not_gripper/SubUSDs) by extensions ['cmake', 'python']
[0.092s] Level 1:colcon.colcon_core.package_identification:_identify(isaac_sim/usd/env_temp_p3020_not_gripper/SubUSDs) by extension 'cmake'
[0.092s] Level 1:colcon.colcon_core.package_identification:_identify(isaac_sim/usd/env_temp_p3020_not_gripper/SubUSDs) by extension 'python'
[0.092s] Level 1:colcon.colcon_core.package_identification:_identify(isaac_sim/usd/env_temp_p3020_not_gripper/SubUSDs) by extensions ['python_setup_py']
[0.092s] Level 1:colcon.colcon_core.package_identification:_identify(isaac_sim/usd/env_temp_p3020_not_gripper/SubUSDs) by extension 'python_setup_py'
[0.092s] Level 1:colcon.colcon_core.package_identification:_identify(isaac_sim/usd/env_temp_p3020_not_gripper/SubUSDs/materials) by extensions ['ignore', 'ignore_ament_install']
[0.092s] Level 1:colcon.colcon_core.package_identification:_identify(isaac_sim/usd/env_temp_p3020_not_gripper/SubUSDs/materials) by extension 'ignore'
[0.092s] Level 1:colcon.colcon_core.package_identification:_identify(isaac_sim/usd/env_temp_p3020_not_gripper/SubUSDs/materials) by extension 'ignore_ament_install'
[0.092s] Level 1:colcon.colcon_core.package_identification:_identify(isaac_sim/usd/env_temp_p3020_not_gripper/SubUSDs/materials) by extensions ['colcon_pkg']
[0.092s] Level 1:colcon.colcon_core.package_identification:_identify(isaac_sim/usd/env_temp_p3020_not_gripper/SubUSDs/materials) by extension 'colcon_pkg'
[0.092s] Level 1:colcon.colcon_core.package_identification:_identify(isaac_sim/usd/env_temp_p3020_not_gripper/SubUSDs/materials) by extensions ['colcon_meta']
[0.092s] Level 1:colcon.colcon_core.package_identification:_identify(isaac_sim/usd/env_temp_p3020_not_gripper/SubUSDs/materials) by extension 'colcon_meta'
[0.092s] Level 1:colcon.colcon_core.package_identification:_identify(isaac_sim/usd/env_temp_p3020_not_gripper/SubUSDs/materials) by extensions ['ros']
[0.092s] Level 1:colcon.colcon_core.package_identification:_identify(isaac_sim/usd/env_temp_p3020_not_gripper/SubUSDs/materials) by extension 'ros'
[0.092s] Level 1:colcon.colcon_core.package_identification:_identify(isaac_sim/usd/env_temp_p3020_not_gripper/SubUSDs/materials) by extensions ['cmake', 'python']
[0.092s] Level 1:colcon.colcon_core.package_identification:_identify(isaac_sim/usd/env_temp_p3020_not_gripper/SubUSDs/materials) by extension 'cmake'
[0.092s] Level 1:colcon.colcon_core.package_identification:_identify(isaac_sim/usd/env_temp_p3020_not_gripper/SubUSDs/materials) by extension 'python'
[0.092s] Level 1:colcon.colcon_core.package_identification:_identify(isaac_sim/usd/env_temp_p3020_not_gripper/SubUSDs/materials) by extensions ['python_setup_py']
[0.092s] Level 1:colcon.colcon_core.package_identification:_identify(isaac_sim/usd/env_temp_p3020_not_gripper/SubUSDs/materials) by extension 'python_setup_py'
[0.092s] Level 1:colcon.colcon_core.package_identification:_identify(isaac_sim/usd/env_temp_p3020_not_gripper/SubUSDs/textures) by extensions ['ignore', 'ignore_ament_install']
[0.092s] Level 1:colcon.colcon_core.package_identification:_identify(isaac_sim/usd/env_temp_p3020_not_gripper/SubUSDs/textures) by extension 'ignore'
[0.092s] Level 1:colcon.colcon_core.package_identification:_identify(isaac_sim/usd/env_temp_p3020_not_gripper/SubUSDs/textures) by extension 'ignore_ament_install'
[0.092s] Level 1:colcon.colcon_core.package_identification:_identify(isaac_sim/usd/env_temp_p3020_not_gripper/SubUSDs/textures) by extensions ['colcon_pkg']
[0.092s] Level 1:colcon.colcon_core.package_identification:_identify(isaac_sim/usd/env_temp_p3020_not_gripper/SubUSDs/textures) by extension 'colcon_pkg'
[0.092s] Level 1:colcon.colcon_core.package_identification:_identify(isaac_sim/usd/env_temp_p3020_not_gripper/SubUSDs/textures) by extensions ['colcon_meta']
[0.092s] Level 1:colcon.colcon_core.package_identification:_identify(isaac_sim/usd/env_temp_p3020_not_gripper/SubUSDs/textures) by extension 'colcon_meta'
[0.092s] Level 1:colcon.colcon_core.package_identification:_identify(isaac_sim/usd/env_temp_p3020_not_gripper/SubUSDs/textures) by extensions ['ros']
[0.092s] Level 1:colcon.colcon_core.package_identification:_identify(isaac_sim/usd/env_temp_p3020_not_gripper/SubUSDs/textures) by extension 'ros'
[0.092s] Level 1:colcon.colcon_core.package_identification:_identify(isaac_sim/usd/env_temp_p3020_not_gripper/SubUSDs/textures) by extensions ['cmake', 'python']
[0.092s] Level 1:colcon.colcon_core.package_identification:_identify(isaac_sim/usd/env_temp_p3020_not_gripper/SubUSDs/textures) by extension 'cmake'
[0.092s] Level 1:colcon.colcon_core.package_identification:_identify(isaac_sim/usd/env_temp_p3020_not_gripper/SubUSDs/textures) by extension 'python'
[0.092s] Level 1:colcon.colcon_core.package_identification:_identify(isaac_sim/usd/env_temp_p3020_not_gripper/SubUSDs/textures) by extensions ['python_setup_py']
[0.092s] Level 1:colcon.colcon_core.package_identification:_identify(isaac_sim/usd/env_temp_p3020_not_gripper/SubUSDs/textures) by extension 'python_setup_py'
[0.092s] Level 1:colcon.colcon_core.package_identification:_identify(isaac_sim/usd/env_temp_p3020_not_gripper/configuration) by extensions ['ignore', 'ignore_ament_install']
[0.092s] Level 1:colcon.colcon_core.package_identification:_identify(isaac_sim/usd/env_temp_p3020_not_gripper/configuration) by extension 'ignore'
[0.092s] Level 1:colcon.colcon_core.package_identification:_identify(isaac_sim/usd/env_temp_p3020_not_gripper/configuration) by extension 'ignore_ament_install'
[0.092s] Level 1:colcon.colcon_core.package_identification:_identify(isaac_sim/usd/env_temp_p3020_not_gripper/configuration) by extensions ['colcon_pkg']
[0.092s] Level 1:colcon.colcon_core.package_identification:_identify(isaac_sim/usd/env_temp_p3020_not_gripper/configuration) by extension 'colcon_pkg'
[0.092s] Level 1:colcon.colcon_core.package_identification:_identify(isaac_sim/usd/env_temp_p3020_not_gripper/configuration) by extensions ['colcon_meta']
[0.092s] Level 1:colcon.colcon_core.package_identification:_identify(isaac_sim/usd/env_temp_p3020_not_gripper/configuration) by extension 'colcon_meta'
[0.092s] Level 1:colcon.colcon_core.package_identification:_identify(isaac_sim/usd/env_temp_p3020_not_gripper/configuration) by extensions ['ros']
[0.092s] Level 1:colcon.colcon_core.package_identification:_identify(isaac_sim/usd/env_temp_p3020_not_gripper/configuration) by extension 'ros'
[0.092s] Level 1:colcon.colcon_core.package_identification:_identify(isaac_sim/usd/env_temp_p3020_not_gripper/configuration) by extensions ['cmake', 'python']
[0.092s] Level 1:colcon.colcon_core.package_identification:_identify(isaac_sim/usd/env_temp_p3020_not_gripper/configuration) by extension 'cmake'
[0.093s] Level 1:colcon.colcon_core.package_identification:_identify(isaac_sim/usd/env_temp_p3020_not_gripper/configuration) by extension 'python'
[0.093s] Level 1:colcon.colcon_core.package_identification:_identify(isaac_sim/usd/env_temp_p3020_not_gripper/configuration) by extensions ['python_setup_py']
[0.093s] Level 1:colcon.colcon_core.package_identification:_identify(isaac_sim/usd/env_temp_p3020_not_gripper/configuration) by extension 'python_setup_py'
[0.093s] Level 1:colcon.colcon_core.package_identification:_identify(isaac_sim/usd/env_temp_p3020_not_gripper_1) by extensions ['ignore', 'ignore_ament_install']
[0.093s] Level 1:colcon.colcon_core.package_identification:_identify(isaac_sim/usd/env_temp_p3020_not_gripper_1) by extension 'ignore'
[0.093s] Level 1:colcon.colcon_core.package_identification:_identify(isaac_sim/usd/env_temp_p3020_not_gripper_1) by extension 'ignore_ament_install'
[0.093s] Level 1:colcon.colcon_core.package_identification:_identify(isaac_sim/usd/env_temp_p3020_not_gripper_1) by extensions ['colcon_pkg']
[0.093s] Level 1:colcon.colcon_core.package_identification:_identify(isaac_sim/usd/env_temp_p3020_not_gripper_1) by extension 'colcon_pkg'
[0.093s] Level 1:colcon.colcon_core.package_identification:_identify(isaac_sim/usd/env_temp_p3020_not_gripper_1) by extensions ['colcon_meta']
[0.093s] Level 1:colcon.colcon_core.package_identification:_identify(isaac_sim/usd/env_temp_p3020_not_gripper_1) by extension 'colcon_meta'
[0.093s] Level 1:colcon.colcon_core.package_identification:_identify(isaac_sim/usd/env_temp_p3020_not_gripper_1) by extensions ['ros']
[0.093s] Level 1:colcon.colcon_core.package_identification:_identify(isaac_sim/usd/env_temp_p3020_not_gripper_1) by extension 'ros'
[0.093s] Level 1:colcon.colcon_core.package_identification:_identify(isaac_sim/usd/env_temp_p3020_not_gripper_1) by extensions ['cmake', 'python']
[0.093s] Level 1:colcon.colcon_core.package_identification:_identify(isaac_sim/usd/env_temp_p3020_not_gripper_1) by extension 'cmake'
[0.093s] Level 1:colcon.colcon_core.package_identification:_identify(isaac_sim/usd/env_temp_p3020_not_gripper_1) by extension 'python'
[0.093s] Level 1:colcon.colcon_core.package_identification:_identify(isaac_sim/usd/env_temp_p3020_not_gripper_1) by extensions ['python_setup_py']
[0.093s] Level 1:colcon.colcon_core.package_identification:_identify(isaac_sim/usd/env_temp_p3020_not_gripper_1) by extension 'python_setup_py'
[0.093s] Level 1:colcon.colcon_core.package_identification:_identify(isaac_sim/usd/env_temp_p3020_not_gripper_1/SubUSDs) by extensions ['ignore', 'ignore_ament_install']
[0.093s] Level 1:colcon.colcon_core.package_identification:_identify(isaac_sim/usd/env_temp_p3020_not_gripper_1/SubUSDs) by extension 'ignore'
[0.093s] Level 1:colcon.colcon_core.package_identification:_identify(isaac_sim/usd/env_temp_p3020_not_gripper_1/SubUSDs) by extension 'ignore_ament_install'
[0.093s] Level 1:colcon.colcon_core.package_identification:_identify(isaac_sim/usd/env_temp_p3020_not_gripper_1/SubUSDs) by extensions ['colcon_pkg']
[0.093s] Level 1:colcon.colcon_core.package_identification:_identify(isaac_sim/usd/env_temp_p3020_not_gripper_1/SubUSDs) by extension 'colcon_pkg'
[0.093s] Level 1:colcon.colcon_core.package_identification:_identify(isaac_sim/usd/env_temp_p3020_not_gripper_1/SubUSDs) by extensions ['colcon_meta']
[0.093s] Level 1:colcon.colcon_core.package_identification:_identify(isaac_sim/usd/env_temp_p3020_not_gripper_1/SubUSDs) by extension 'colcon_meta'
[0.093s] Level 1:colcon.colcon_core.package_identification:_identify(isaac_sim/usd/env_temp_p3020_not_gripper_1/SubUSDs) by extensions ['ros']
[0.093s] Level 1:colcon.colcon_core.package_identification:_identify(isaac_sim/usd/env_temp_p3020_not_gripper_1/SubUSDs) by extension 'ros'
[0.093s] Level 1:colcon.colcon_core.package_identification:_identify(isaac_sim/usd/env_temp_p3020_not_gripper_1/SubUSDs) by extensions ['cmake', 'python']
[0.093s] Level 1:colcon.colcon_core.package_identification:_identify(isaac_sim/usd/env_temp_p3020_not_gripper_1/SubUSDs) by extension 'cmake'
[0.093s] Level 1:colcon.colcon_core.package_identification:_identify(isaac_sim/usd/env_temp_p3020_not_gripper_1/SubUSDs) by extension 'python'
[0.093s] Level 1:colcon.colcon_core.package_identification:_identify(isaac_sim/usd/env_temp_p3020_not_gripper_1/SubUSDs) by extensions ['python_setup_py']
[0.093s] Level 1:colcon.colcon_core.package_identification:_identify(isaac_sim/usd/env_temp_p3020_not_gripper_1/SubUSDs) by extension 'python_setup_py'
[0.093s] Level 1:colcon.colcon_core.package_identification:_identify(isaac_sim/usd/env_temp_p3020_not_gripper_1/SubUSDs/materials) by extensions ['ignore', 'ignore_ament_install']
[0.093s] Level 1:colcon.colcon_core.package_identification:_identify(isaac_sim/usd/env_temp_p3020_not_gripper_1/SubUSDs/materials) by extension 'ignore'
[0.093s] Level 1:colcon.colcon_core.package_identification:_identify(isaac_sim/usd/env_temp_p3020_not_gripper_1/SubUSDs/materials) by extension 'ignore_ament_install'
[0.093s] Level 1:colcon.colcon_core.package_identification:_identify(isaac_sim/usd/env_temp_p3020_not_gripper_1/SubUSDs/materials) by extensions ['colcon_pkg']
[0.093s] Level 1:colcon.colcon_core.package_identification:_identify(isaac_sim/usd/env_temp_p3020_not_gripper_1/SubUSDs/materials) by extension 'colcon_pkg'
[0.093s] Level 1:colcon.colcon_core.package_identification:_identify(isaac_sim/usd/env_temp_p3020_not_gripper_1/SubUSDs/materials) by extensions ['colcon_meta']
[0.093s] Level 1:colcon.colcon_core.package_identification:_identify(isaac_sim/usd/env_temp_p3020_not_gripper_1/SubUSDs/materials) by extension 'colcon_meta'
[0.093s] Level 1:colcon.colcon_core.package_identification:_identify(isaac_sim/usd/env_temp_p3020_not_gripper_1/SubUSDs/materials) by extensions ['ros']
[0.093s] Level 1:colcon.colcon_core.package_identification:_identify(isaac_sim/usd/env_temp_p3020_not_gripper_1/SubUSDs/materials) by extension 'ros'
[0.093s] Level 1:colcon.colcon_core.package_identification:_identify(isaac_sim/usd/env_temp_p3020_not_gripper_1/SubUSDs/materials) by extensions ['cmake', 'python']
[0.093s] Level 1:colcon.colcon_core.package_identification:_identify(isaac_sim/usd/env_temp_p3020_not_gripper_1/SubUSDs/materials) by extension 'cmake'
[0.093s] Level 1:colcon.colcon_core.package_identification:_identify(isaac_sim/usd/env_temp_p3020_not_gripper_1/SubUSDs/materials) by extension 'python'
[0.093s] Level 1:colcon.colcon_core.package_identification:_identify(isaac_sim/usd/env_temp_p3020_not_gripper_1/SubUSDs/materials) by extensions ['python_setup_py']
[0.093s] Level 1:colcon.colcon_core.package_identification:_identify(isaac_sim/usd/env_temp_p3020_not_gripper_1/SubUSDs/materials) by extension 'python_setup_py'
[0.093s] Level 1:colcon.colcon_core.package_identification:_identify(isaac_sim/usd/env_temp_p3020_not_gripper_1/SubUSDs/textures) by extensions ['ignore', 'ignore_ament_install']
[0.093s] Level 1:colcon.colcon_core.package_identification:_identify(isaac_sim/usd/env_temp_p3020_not_gripper_1/SubUSDs/textures) by extension 'ignore'
[0.093s] Level 1:colcon.colcon_core.package_identification:_identify(isaac_sim/usd/env_temp_p3020_not_gripper_1/SubUSDs/textures) by extension 'ignore_ament_install'
[0.093s] Level 1:colcon.colcon_core.package_identification:_identify(isaac_sim/usd/env_temp_p3020_not_gripper_1/SubUSDs/textures) by extensions ['colcon_pkg']
[0.093s] Level 1:colcon.colcon_core.package_identification:_identify(isaac_sim/usd/env_temp_p3020_not_gripper_1/SubUSDs/textures) by extension 'colcon_pkg'
[0.093s] Level 1:colcon.colcon_core.package_identification:_identify(isaac_sim/usd/env_temp_p3020_not_gripper_1/SubUSDs/textures) by extensions ['colcon_meta']
[0.093s] Level 1:colcon.colcon_core.package_identification:_identify(isaac_sim/usd/env_temp_p3020_not_gripper_1/SubUSDs/textures) by extension 'colcon_meta'
[0.093s] Level 1:colcon.colcon_core.package_identification:_identify(isaac_sim/usd/env_temp_p3020_not_gripper_1/SubUSDs/textures) by extensions ['ros']
[0.093s] Level 1:colcon.colcon_core.package_identification:_identify(isaac_sim/usd/env_temp_p3020_not_gripper_1/SubUSDs/textures) by extension 'ros'
[0.093s] Level 1:colcon.colcon_core.package_identification:_identify(isaac_sim/usd/env_temp_p3020_not_gripper_1/SubUSDs/textures) by extensions ['cmake', 'python']
[0.093s] Level 1:colcon.colcon_core.package_identification:_identify(isaac_sim/usd/env_temp_p3020_not_gripper_1/SubUSDs/textures) by extension 'cmake'
[0.094s] Level 1:colcon.colcon_core.package_identification:_identify(isaac_sim/usd/env_temp_p3020_not_gripper_1/SubUSDs/textures) by extension 'python'
[0.094s] Level 1:colcon.colcon_core.package_identification:_identify(isaac_sim/usd/env_temp_p3020_not_gripper_1/SubUSDs/textures) by extensions ['python_setup_py']
[0.094s] Level 1:colcon.colcon_core.package_identification:_identify(isaac_sim/usd/env_temp_p3020_not_gripper_1/SubUSDs/textures) by extension 'python_setup_py'
[0.094s] Level 1:colcon.colcon_core.package_identification:_identify(isaac_sim/usd/env_temp_p3020_not_gripper_1/configuration) by extensions ['ignore', 'ignore_ament_install']
[0.094s] Level 1:colcon.colcon_core.package_identification:_identify(isaac_sim/usd/env_temp_p3020_not_gripper_1/configuration) by extension 'ignore'
[0.094s] Level 1:colcon.colcon_core.package_identification:_identify(isaac_sim/usd/env_temp_p3020_not_gripper_1/configuration) by extension 'ignore_ament_install'
[0.094s] Level 1:colcon.colcon_core.package_identification:_identify(isaac_sim/usd/env_temp_p3020_not_gripper_1/configuration) by extensions ['colcon_pkg']
[0.094s] Level 1:colcon.colcon_core.package_identification:_identify(isaac_sim/usd/env_temp_p3020_not_gripper_1/configuration) by extension 'colcon_pkg'
[0.094s] Level 1:colcon.colcon_core.package_identification:_identify(isaac_sim/usd/env_temp_p3020_not_gripper_1/configuration) by extensions ['colcon_meta']
[0.094s] Level 1:colcon.colcon_core.package_identification:_identify(isaac_sim/usd/env_temp_p3020_not_gripper_1/configuration) by extension 'colcon_meta'
[0.094s] Level 1:colcon.colcon_core.package_identification:_identify(isaac_sim/usd/env_temp_p3020_not_gripper_1/configuration) by extensions ['ros']
[0.094s] Level 1:colcon.colcon_core.package_identification:_identify(isaac_sim/usd/env_temp_p3020_not_gripper_1/configuration) by extension 'ros'
[0.094s] Level 1:colcon.colcon_core.package_identification:_identify(isaac_sim/usd/env_temp_p3020_not_gripper_1/configuration) by extensions ['cmake', 'python']
[0.094s] Level 1:colcon.colcon_core.package_identification:_identify(isaac_sim/usd/env_temp_p3020_not_gripper_1/configuration) by extension 'cmake'
[0.094s] Level 1:colcon.colcon_core.package_identification:_identify(isaac_sim/usd/env_temp_p3020_not_gripper_1/configuration) by extension 'python'
[0.094s] Level 1:colcon.colcon_core.package_identification:_identify(isaac_sim/usd/env_temp_p3020_not_gripper_1/configuration) by extensions ['python_setup_py']
[0.094s] Level 1:colcon.colcon_core.package_identification:_identify(isaac_sim/usd/env_temp_p3020_not_gripper_1/configuration) by extension 'python_setup_py'
[0.094s] Level 1:colcon.colcon_core.package_identification:_identify(isaac_sim/usd/env_temp_three_p3020) by extensions ['ignore', 'ignore_ament_install']
[0.094s] Level 1:colcon.colcon_core.package_identification:_identify(isaac_sim/usd/env_temp_three_p3020) by extension 'ignore'
[0.094s] Level 1:colcon.colcon_core.package_identification:_identify(isaac_sim/usd/env_temp_three_p3020) by extension 'ignore_ament_install'
[0.094s] Level 1:colcon.colcon_core.package_identification:_identify(isaac_sim/usd/env_temp_three_p3020) by extensions ['colcon_pkg']
[0.094s] Level 1:colcon.colcon_core.package_identification:_identify(isaac_sim/usd/env_temp_three_p3020) by extension 'colcon_pkg'
[0.094s] Level 1:colcon.colcon_core.package_identification:_identify(isaac_sim/usd/env_temp_three_p3020) by extensions ['colcon_meta']
[0.094s] Level 1:colcon.colcon_core.package_identification:_identify(isaac_sim/usd/env_temp_three_p3020) by extension 'colcon_meta'
[0.094s] Level 1:colcon.colcon_core.package_identification:_identify(isaac_sim/usd/env_temp_three_p3020) by extensions ['ros']
[0.094s] Level 1:colcon.colcon_core.package_identification:_identify(isaac_sim/usd/env_temp_three_p3020) by extension 'ros'
[0.094s] Level 1:colcon.colcon_core.package_identification:_identify(isaac_sim/usd/env_temp_three_p3020) by extensions ['cmake', 'python']
[0.094s] Level 1:colcon.colcon_core.package_identification:_identify(isaac_sim/usd/env_temp_three_p3020) by extension 'cmake'
[0.094s] Level 1:colcon.colcon_core.package_identification:_identify(isaac_sim/usd/env_temp_three_p3020) by extension 'python'
[0.094s] Level 1:colcon.colcon_core.package_identification:_identify(isaac_sim/usd/env_temp_three_p3020) by extensions ['python_setup_py']
[0.094s] Level 1:colcon.colcon_core.package_identification:_identify(isaac_sim/usd/env_temp_three_p3020) by extension 'python_setup_py'
[0.094s] Level 1:colcon.colcon_core.package_identification:_identify(isaac_sim/usd/env_temp_three_p3020/SubUSDs) by extensions ['ignore', 'ignore_ament_install']
[0.094s] Level 1:colcon.colcon_core.package_identification:_identify(isaac_sim/usd/env_temp_three_p3020/SubUSDs) by extension 'ignore'
[0.094s] Level 1:colcon.colcon_core.package_identification:_identify(isaac_sim/usd/env_temp_three_p3020/SubUSDs) by extension 'ignore_ament_install'
[0.094s] Level 1:colcon.colcon_core.package_identification:_identify(isaac_sim/usd/env_temp_three_p3020/SubUSDs) by extensions ['colcon_pkg']
[0.094s] Level 1:colcon.colcon_core.package_identification:_identify(isaac_sim/usd/env_temp_three_p3020/SubUSDs) by extension 'colcon_pkg'
[0.094s] Level 1:colcon.colcon_core.package_identification:_identify(isaac_sim/usd/env_temp_three_p3020/SubUSDs) by extensions ['colcon_meta']
[0.094s] Level 1:colcon.colcon_core.package_identification:_identify(isaac_sim/usd/env_temp_three_p3020/SubUSDs) by extension 'colcon_meta'
[0.094s] Level 1:colcon.colcon_core.package_identification:_identify(isaac_sim/usd/env_temp_three_p3020/SubUSDs) by extensions ['ros']
[0.094s] Level 1:colcon.colcon_core.package_identification:_identify(isaac_sim/usd/env_temp_three_p3020/SubUSDs) by extension 'ros'
[0.094s] Level 1:colcon.colcon_core.package_identification:_identify(isaac_sim/usd/env_temp_three_p3020/SubUSDs) by extensions ['cmake', 'python']
[0.094s] Level 1:colcon.colcon_core.package_identification:_identify(isaac_sim/usd/env_temp_three_p3020/SubUSDs) by extension 'cmake'
[0.094s] Level 1:colcon.colcon_core.package_identification:_identify(isaac_sim/usd/env_temp_three_p3020/SubUSDs) by extension 'python'
[0.094s] Level 1:colcon.colcon_core.package_identification:_identify(isaac_sim/usd/env_temp_three_p3020/SubUSDs) by extensions ['python_setup_py']
[0.094s] Level 1:colcon.colcon_core.package_identification:_identify(isaac_sim/usd/env_temp_three_p3020/SubUSDs) by extension 'python_setup_py'
[0.094s] Level 1:colcon.colcon_core.package_identification:_identify(isaac_sim/usd/env_temp_three_p3020/SubUSDs/materials) by extensions ['ignore', 'ignore_ament_install']
[0.094s] Level 1:colcon.colcon_core.package_identification:_identify(isaac_sim/usd/env_temp_three_p3020/SubUSDs/materials) by extension 'ignore'
[0.094s] Level 1:colcon.colcon_core.package_identification:_identify(isaac_sim/usd/env_temp_three_p3020/SubUSDs/materials) by extension 'ignore_ament_install'
[0.094s] Level 1:colcon.colcon_core.package_identification:_identify(isaac_sim/usd/env_temp_three_p3020/SubUSDs/materials) by extensions ['colcon_pkg']
[0.094s] Level 1:colcon.colcon_core.package_identification:_identify(isaac_sim/usd/env_temp_three_p3020/SubUSDs/materials) by extension 'colcon_pkg'
[0.094s] Level 1:colcon.colcon_core.package_identification:_identify(isaac_sim/usd/env_temp_three_p3020/SubUSDs/materials) by extensions ['colcon_meta']
[0.094s] Level 1:colcon.colcon_core.package_identification:_identify(isaac_sim/usd/env_temp_three_p3020/SubUSDs/materials) by extension 'colcon_meta'
[0.094s] Level 1:colcon.colcon_core.package_identification:_identify(isaac_sim/usd/env_temp_three_p3020/SubUSDs/materials) by extensions ['ros']
[0.094s] Level 1:colcon.colcon_core.package_identification:_identify(isaac_sim/usd/env_temp_three_p3020/SubUSDs/materials) by extension 'ros'
[0.094s] Level 1:colcon.colcon_core.package_identification:_identify(isaac_sim/usd/env_temp_three_p3020/SubUSDs/materials) by extensions ['cmake', 'python']
[0.094s] Level 1:colcon.colcon_core.package_identification:_identify(isaac_sim/usd/env_temp_three_p3020/SubUSDs/materials) by extension 'cmake'
[0.095s] Level 1:colcon.colcon_core.package_identification:_identify(isaac_sim/usd/env_temp_three_p3020/SubUSDs/materials) by extension 'python'
[0.095s] Level 1:colcon.colcon_core.package_identification:_identify(isaac_sim/usd/env_temp_three_p3020/SubUSDs/materials) by extensions ['python_setup_py']
[0.095s] Level 1:colcon.colcon_core.package_identification:_identify(isaac_sim/usd/env_temp_three_p3020/SubUSDs/materials) by extension 'python_setup_py'
[0.095s] Level 1:colcon.colcon_core.package_identification:_identify(isaac_sim/usd/env_temp_three_p3020/SubUSDs/textures) by extensions ['ignore', 'ignore_ament_install']
[0.095s] Level 1:colcon.colcon_core.package_identification:_identify(isaac_sim/usd/env_temp_three_p3020/SubUSDs/textures) by extension 'ignore'
[0.095s] Level 1:colcon.colcon_core.package_identification:_identify(isaac_sim/usd/env_temp_three_p3020/SubUSDs/textures) by extension 'ignore_ament_install'
[0.095s] Level 1:colcon.colcon_core.package_identification:_identify(isaac_sim/usd/env_temp_three_p3020/SubUSDs/textures) by extensions ['colcon_pkg']
[0.095s] Level 1:colcon.colcon_core.package_identification:_identify(isaac_sim/usd/env_temp_three_p3020/SubUSDs/textures) by extension 'colcon_pkg'
[0.095s] Level 1:colcon.colcon_core.package_identification:_identify(isaac_sim/usd/env_temp_three_p3020/SubUSDs/textures) by extensions ['colcon_meta']
[0.095s] Level 1:colcon.colcon_core.package_identification:_identify(isaac_sim/usd/env_temp_three_p3020/SubUSDs/textures) by extension 'colcon_meta'
[0.095s] Level 1:colcon.colcon_core.package_identification:_identify(isaac_sim/usd/env_temp_three_p3020/SubUSDs/textures) by extensions ['ros']
[0.095s] Level 1:colcon.colcon_core.package_identification:_identify(isaac_sim/usd/env_temp_three_p3020/SubUSDs/textures) by extension 'ros'
[0.095s] Level 1:colcon.colcon_core.package_identification:_identify(isaac_sim/usd/env_temp_three_p3020/SubUSDs/textures) by extensions ['cmake', 'python']
[0.095s] Level 1:colcon.colcon_core.package_identification:_identify(isaac_sim/usd/env_temp_three_p3020/SubUSDs/textures) by extension 'cmake'
[0.095s] Level 1:colcon.colcon_core.package_identification:_identify(isaac_sim/usd/env_temp_three_p3020/SubUSDs/textures) by extension 'python'
[0.095s] Level 1:colcon.colcon_core.package_identification:_identify(isaac_sim/usd/env_temp_three_p3020/SubUSDs/textures) by extensions ['python_setup_py']
[0.095s] Level 1:colcon.colcon_core.package_identification:_identify(isaac_sim/usd/env_temp_three_p3020/SubUSDs/textures) by extension 'python_setup_py'
[0.095s] Level 1:colcon.colcon_core.package_identification:_identify(isaac_sim/usd/env_temp_three_p3020/configuration) by extensions ['ignore', 'ignore_ament_install']
[0.095s] Level 1:colcon.colcon_core.package_identification:_identify(isaac_sim/usd/env_temp_three_p3020/configuration) by extension 'ignore'
[0.095s] Level 1:colcon.colcon_core.package_identification:_identify(isaac_sim/usd/env_temp_three_p3020/configuration) by extension 'ignore_ament_install'
[0.095s] Level 1:colcon.colcon_core.package_identification:_identify(isaac_sim/usd/env_temp_three_p3020/configuration) by extensions ['colcon_pkg']
[0.095s] Level 1:colcon.colcon_core.package_identification:_identify(isaac_sim/usd/env_temp_three_p3020/configuration) by extension 'colcon_pkg'
[0.095s] Level 1:colcon.colcon_core.package_identification:_identify(isaac_sim/usd/env_temp_three_p3020/configuration) by extensions ['colcon_meta']
[0.095s] Level 1:colcon.colcon_core.package_identification:_identify(isaac_sim/usd/env_temp_three_p3020/configuration) by extension 'colcon_meta'
[0.095s] Level 1:colcon.colcon_core.package_identification:_identify(isaac_sim/usd/env_temp_three_p3020/configuration) by extensions ['ros']
[0.095s] Level 1:colcon.colcon_core.package_identification:_identify(isaac_sim/usd/env_temp_three_p3020/configuration) by extension 'ros'
[0.095s] Level 1:colcon.colcon_core.package_identification:_identify(isaac_sim/usd/env_temp_three_p3020/configuration) by extensions ['cmake', 'python']
[0.095s] Level 1:colcon.colcon_core.package_identification:_identify(isaac_sim/usd/env_temp_three_p3020/configuration) by extension 'cmake'
[0.095s] Level 1:colcon.colcon_core.package_identification:_identify(isaac_sim/usd/env_temp_three_p3020/configuration) by extension 'python'
[0.095s] Level 1:colcon.colcon_core.package_identification:_identify(isaac_sim/usd/env_temp_three_p3020/configuration) by extensions ['python_setup_py']
[0.095s] Level 1:colcon.colcon_core.package_identification:_identify(isaac_sim/usd/env_temp_three_p3020/configuration) by extension 'python_setup_py'
[0.095s] Level 1:colcon.colcon_core.package_identification:_identify(isaac_sim/usd/env_temp_two_p3020_crashed_each) by extensions ['ignore', 'ignore_ament_install']
[0.095s] Level 1:colcon.colcon_core.package_identification:_identify(isaac_sim/usd/env_temp_two_p3020_crashed_each) by extension 'ignore'
[0.095s] Level 1:colcon.colcon_core.package_identification:_identify(isaac_sim/usd/env_temp_two_p3020_crashed_each) by extension 'ignore_ament_install'
[0.095s] Level 1:colcon.colcon_core.package_identification:_identify(isaac_sim/usd/env_temp_two_p3020_crashed_each) by extensions ['colcon_pkg']
[0.095s] Level 1:colcon.colcon_core.package_identification:_identify(isaac_sim/usd/env_temp_two_p3020_crashed_each) by extension 'colcon_pkg'
[0.095s] Level 1:colcon.colcon_core.package_identification:_identify(isaac_sim/usd/env_temp_two_p3020_crashed_each) by extensions ['colcon_meta']
[0.095s] Level 1:colcon.colcon_core.package_identification:_identify(isaac_sim/usd/env_temp_two_p3020_crashed_each) by extension 'colcon_meta'
[0.095s] Level 1:colcon.colcon_core.package_identification:_identify(isaac_sim/usd/env_temp_two_p3020_crashed_each) by extensions ['ros']
[0.095s] Level 1:colcon.colcon_core.package_identification:_identify(isaac_sim/usd/env_temp_two_p3020_crashed_each) by extension 'ros'
[0.095s] Level 1:colcon.colcon_core.package_identification:_identify(isaac_sim/usd/env_temp_two_p3020_crashed_each) by extensions ['cmake', 'python']
[0.095s] Level 1:colcon.colcon_core.package_identification:_identify(isaac_sim/usd/env_temp_two_p3020_crashed_each) by extension 'cmake'
[0.095s] Level 1:colcon.colcon_core.package_identification:_identify(isaac_sim/usd/env_temp_two_p3020_crashed_each) by extension 'python'
[0.095s] Level 1:colcon.colcon_core.package_identification:_identify(isaac_sim/usd/env_temp_two_p3020_crashed_each) by extensions ['python_setup_py']
[0.095s] Level 1:colcon.colcon_core.package_identification:_identify(isaac_sim/usd/env_temp_two_p3020_crashed_each) by extension 'python_setup_py'
[0.095s] Level 1:colcon.colcon_core.package_identification:_identify(isaac_sim/usd/env_temp_two_p3020_crashed_each/SubUSDs) by extensions ['ignore', 'ignore_ament_install']
[0.095s] Level 1:colcon.colcon_core.package_identification:_identify(isaac_sim/usd/env_temp_two_p3020_crashed_each/SubUSDs) by extension 'ignore'
[0.095s] Level 1:colcon.colcon_core.package_identification:_identify(isaac_sim/usd/env_temp_two_p3020_crashed_each/SubUSDs) by extension 'ignore_ament_install'
[0.095s] Level 1:colcon.colcon_core.package_identification:_identify(isaac_sim/usd/env_temp_two_p3020_crashed_each/SubUSDs) by extensions ['colcon_pkg']
[0.095s] Level 1:colcon.colcon_core.package_identification:_identify(isaac_sim/usd/env_temp_two_p3020_crashed_each/SubUSDs) by extension 'colcon_pkg'
[0.095s] Level 1:colcon.colcon_core.package_identification:_identify(isaac_sim/usd/env_temp_two_p3020_crashed_each/SubUSDs) by extensions ['colcon_meta']
[0.095s] Level 1:colcon.colcon_core.package_identification:_identify(isaac_sim/usd/env_temp_two_p3020_crashed_each/SubUSDs) by extension 'colcon_meta'
[0.095s] Level 1:colcon.colcon_core.package_identification:_identify(isaac_sim/usd/env_temp_two_p3020_crashed_each/SubUSDs) by extensions ['ros']
[0.095s] Level 1:colcon.colcon_core.package_identification:_identify(isaac_sim/usd/env_temp_two_p3020_crashed_each/SubUSDs) by extension 'ros'
[0.095s] Level 1:colcon.colcon_core.package_identification:_identify(isaac_sim/usd/env_temp_two_p3020_crashed_each/SubUSDs) by extensions ['cmake', 'python']
[0.095s] Level 1:colcon.colcon_core.package_identification:_identify(isaac_sim/usd/env_temp_two_p3020_crashed_each/SubUSDs) by extension 'cmake'
[0.096s] Level 1:colcon.colcon_core.package_identification:_identify(isaac_sim/usd/env_temp_two_p3020_crashed_each/SubUSDs) by extension 'python'
[0.096s] Level 1:colcon.colcon_core.package_identification:_identify(isaac_sim/usd/env_temp_two_p3020_crashed_each/SubUSDs) by extensions ['python_setup_py']
[0.096s] Level 1:colcon.colcon_core.package_identification:_identify(isaac_sim/usd/env_temp_two_p3020_crashed_each/SubUSDs) by extension 'python_setup_py'
[0.096s] Level 1:colcon.colcon_core.package_identification:_identify(isaac_sim/usd/env_temp_two_p3020_crashed_each/SubUSDs/materials) by extensions ['ignore', 'ignore_ament_install']
[0.096s] Level 1:colcon.colcon_core.package_identification:_identify(isaac_sim/usd/env_temp_two_p3020_crashed_each/SubUSDs/materials) by extension 'ignore'
[0.096s] Level 1:colcon.colcon_core.package_identification:_identify(isaac_sim/usd/env_temp_two_p3020_crashed_each/SubUSDs/materials) by extension 'ignore_ament_install'
[0.096s] Level 1:colcon.colcon_core.package_identification:_identify(isaac_sim/usd/env_temp_two_p3020_crashed_each/SubUSDs/materials) by extensions ['colcon_pkg']
[0.096s] Level 1:colcon.colcon_core.package_identification:_identify(isaac_sim/usd/env_temp_two_p3020_crashed_each/SubUSDs/materials) by extension 'colcon_pkg'
[0.096s] Level 1:colcon.colcon_core.package_identification:_identify(isaac_sim/usd/env_temp_two_p3020_crashed_each/SubUSDs/materials) by extensions ['colcon_meta']
[0.096s] Level 1:colcon.colcon_core.package_identification:_identify(isaac_sim/usd/env_temp_two_p3020_crashed_each/SubUSDs/materials) by extension 'colcon_meta'
[0.096s] Level 1:colcon.colcon_core.package_identification:_identify(isaac_sim/usd/env_temp_two_p3020_crashed_each/SubUSDs/materials) by extensions ['ros']
[0.096s] Level 1:colcon.colcon_core.package_identification:_identify(isaac_sim/usd/env_temp_two_p3020_crashed_each/SubUSDs/materials) by extension 'ros'
[0.096s] Level 1:colcon.colcon_core.package_identification:_identify(isaac_sim/usd/env_temp_two_p3020_crashed_each/SubUSDs/materials) by extensions ['cmake', 'python']
[0.096s] Level 1:colcon.colcon_core.package_identification:_identify(isaac_sim/usd/env_temp_two_p3020_crashed_each/SubUSDs/materials) by extension 'cmake'
[0.096s] Level 1:colcon.colcon_core.package_identification:_identify(isaac_sim/usd/env_temp_two_p3020_crashed_each/SubUSDs/materials) by extension 'python'
[0.096s] Level 1:colcon.colcon_core.package_identification:_identify(isaac_sim/usd/env_temp_two_p3020_crashed_each/SubUSDs/materials) by extensions ['python_setup_py']
[0.096s] Level 1:colcon.colcon_core.package_identification:_identify(isaac_sim/usd/env_temp_two_p3020_crashed_each/SubUSDs/materials) by extension 'python_setup_py'
[0.096s] Level 1:colcon.colcon_core.package_identification:_identify(isaac_sim/usd/env_temp_two_p3020_crashed_each/SubUSDs/textures) by extensions ['ignore', 'ignore_ament_install']
[0.096s] Level 1:colcon.colcon_core.package_identification:_identify(isaac_sim/usd/env_temp_two_p3020_crashed_each/SubUSDs/textures) by extension 'ignore'
[0.096s] Level 1:colcon.colcon_core.package_identification:_identify(isaac_sim/usd/env_temp_two_p3020_crashed_each/SubUSDs/textures) by extension 'ignore_ament_install'
[0.096s] Level 1:colcon.colcon_core.package_identification:_identify(isaac_sim/usd/env_temp_two_p3020_crashed_each/SubUSDs/textures) by extensions ['colcon_pkg']
[0.096s] Level 1:colcon.colcon_core.package_identification:_identify(isaac_sim/usd/env_temp_two_p3020_crashed_each/SubUSDs/textures) by extension 'colcon_pkg'
[0.096s] Level 1:colcon.colcon_core.package_identification:_identify(isaac_sim/usd/env_temp_two_p3020_crashed_each/SubUSDs/textures) by extensions ['colcon_meta']
[0.096s] Level 1:colcon.colcon_core.package_identification:_identify(isaac_sim/usd/env_temp_two_p3020_crashed_each/SubUSDs/textures) by extension 'colcon_meta'
[0.096s] Level 1:colcon.colcon_core.package_identification:_identify(isaac_sim/usd/env_temp_two_p3020_crashed_each/SubUSDs/textures) by extensions ['ros']
[0.096s] Level 1:colcon.colcon_core.package_identification:_identify(isaac_sim/usd/env_temp_two_p3020_crashed_each/SubUSDs/textures) by extension 'ros'
[0.096s] Level 1:colcon.colcon_core.package_identification:_identify(isaac_sim/usd/env_temp_two_p3020_crashed_each/SubUSDs/textures) by extensions ['cmake', 'python']
[0.096s] Level 1:colcon.colcon_core.package_identification:_identify(isaac_sim/usd/env_temp_two_p3020_crashed_each/SubUSDs/textures) by extension 'cmake'
[0.096s] Level 1:colcon.colcon_core.package_identification:_identify(isaac_sim/usd/env_temp_two_p3020_crashed_each/SubUSDs/textures) by extension 'python'
[0.096s] Level 1:colcon.colcon_core.package_identification:_identify(isaac_sim/usd/env_temp_two_p3020_crashed_each/SubUSDs/textures) by extensions ['python_setup_py']
[0.096s] Level 1:colcon.colcon_core.package_identification:_identify(isaac_sim/usd/env_temp_two_p3020_crashed_each/SubUSDs/textures) by extension 'python_setup_py'
[0.096s] Level 1:colcon.colcon_core.package_identification:_identify(isaac_sim/usd/env_temp_two_p3020_crashed_each/configuration) by extensions ['ignore', 'ignore_ament_install']
[0.096s] Level 1:colcon.colcon_core.package_identification:_identify(isaac_sim/usd/env_temp_two_p3020_crashed_each/configuration) by extension 'ignore'
[0.096s] Level 1:colcon.colcon_core.package_identification:_identify(isaac_sim/usd/env_temp_two_p3020_crashed_each/configuration) by extension 'ignore_ament_install'
[0.096s] Level 1:colcon.colcon_core.package_identification:_identify(isaac_sim/usd/env_temp_two_p3020_crashed_each/configuration) by extensions ['colcon_pkg']
[0.096s] Level 1:colcon.colcon_core.package_identification:_identify(isaac_sim/usd/env_temp_two_p3020_crashed_each/configuration) by extension 'colcon_pkg'
[0.096s] Level 1:colcon.colcon_core.package_identification:_identify(isaac_sim/usd/env_temp_two_p3020_crashed_each/configuration) by extensions ['colcon_meta']
[0.096s] Level 1:colcon.colcon_core.package_identification:_identify(isaac_sim/usd/env_temp_two_p3020_crashed_each/configuration) by extension 'colcon_meta'
[0.096s] Level 1:colcon.colcon_core.package_identification:_identify(isaac_sim/usd/env_temp_two_p3020_crashed_each/configuration) by extensions ['ros']
[0.096s] Level 1:colcon.colcon_core.package_identification:_identify(isaac_sim/usd/env_temp_two_p3020_crashed_each/configuration) by extension 'ros'
[0.096s] Level 1:colcon.colcon_core.package_identification:_identify(isaac_sim/usd/env_temp_two_p3020_crashed_each/configuration) by extensions ['cmake', 'python']
[0.096s] Level 1:colcon.colcon_core.package_identification:_identify(isaac_sim/usd/env_temp_two_p3020_crashed_each/configuration) by extension 'cmake'
[0.096s] Level 1:colcon.colcon_core.package_identification:_identify(isaac_sim/usd/env_temp_two_p3020_crashed_each/configuration) by extension 'python'
[0.096s] Level 1:colcon.colcon_core.package_identification:_identify(isaac_sim/usd/env_temp_two_p3020_crashed_each/configuration) by extensions ['python_setup_py']
[0.096s] Level 1:colcon.colcon_core.package_identification:_identify(isaac_sim/usd/env_temp_two_p3020_crashed_each/configuration) by extension 'python_setup_py'
[0.096s] Level 1:colcon.colcon_core.package_identification:_identify(log) by extensions ['ignore', 'ignore_ament_install']
[0.096s] Level 1:colcon.colcon_core.package_identification:_identify(log) by extension 'ignore'
[0.096s] Level 1:colcon.colcon_core.package_identification:_identify(log) ignored
[0.096s] Level 1:colcon.colcon_core.package_identification:_identify(ros2_ws) by extensions ['ignore', 'ignore_ament_install']
[0.096s] Level 1:colcon.colcon_core.package_identification:_identify(ros2_ws) by extension 'ignore'
[0.096s] Level 1:colcon.colcon_core.package_identification:_identify(ros2_ws) by extension 'ignore_ament_install'
[0.096s] Level 1:colcon.colcon_core.package_identification:_identify(ros2_ws) by extensions ['colcon_pkg']
[0.096s] Level 1:colcon.colcon_core.package_identification:_identify(ros2_ws) by extension 'colcon_pkg'
[0.096s] Level 1:colcon.colcon_core.package_identification:_identify(ros2_ws) by extensions ['colcon_meta']
[0.097s] Level 1:colcon.colcon_core.package_identification:_identify(ros2_ws) by extension 'colcon_meta'
[0.097s] Level 1:colcon.colcon_core.package_identification:_identify(ros2_ws) by extensions ['ros']
[0.097s] Level 1:colcon.colcon_core.package_identification:_identify(ros2_ws) by extension 'ros'
[0.097s] Level 1:colcon.colcon_core.package_identification:_identify(ros2_ws) by extensions ['cmake', 'python']
[0.097s] Level 1:colcon.colcon_core.package_identification:_identify(ros2_ws) by extension 'cmake'
[0.097s] Level 1:colcon.colcon_core.package_identification:_identify(ros2_ws) by extension 'python'
[0.097s] Level 1:colcon.colcon_core.package_identification:_identify(ros2_ws) by extensions ['python_setup_py']
[0.097s] Level 1:colcon.colcon_core.package_identification:_identify(ros2_ws) by extension 'python_setup_py'
[0.097s] Level 1:colcon.colcon_core.package_identification:_identify(ros2_ws/src) by extensions ['ignore', 'ignore_ament_install']
[0.097s] Level 1:colcon.colcon_core.package_identification:_identify(ros2_ws/src) by extension 'ignore'
[0.097s] Level 1:colcon.colcon_core.package_identification:_identify(ros2_ws/src) by extension 'ignore_ament_install'
[0.097s] Level 1:colcon.colcon_core.package_identification:_identify(ros2_ws/src) by extensions ['colcon_pkg']
[0.097s] Level 1:colcon.colcon_core.package_identification:_identify(ros2_ws/src) by extension 'colcon_pkg'
[0.097s] Level 1:colcon.colcon_core.package_identification:_identify(ros2_ws/src) by extensions ['colcon_meta']
[0.097s] Level 1:colcon.colcon_core.package_identification:_identify(ros2_ws/src) by extension 'colcon_meta'
[0.097s] Level 1:colcon.colcon_core.package_identification:_identify(ros2_ws/src) by extensions ['ros']
[0.097s] Level 1:colcon.colcon_core.package_identification:_identify(ros2_ws/src) by extension 'ros'
[0.097s] Level 1:colcon.colcon_core.package_identification:_identify(ros2_ws/src) by extensions ['cmake', 'python']
[0.097s] Level 1:colcon.colcon_core.package_identification:_identify(ros2_ws/src) by extension 'cmake'
[0.097s] Level 1:colcon.colcon_core.package_identification:_identify(ros2_ws/src) by extension 'python'
[0.097s] Level 1:colcon.colcon_core.package_identification:_identify(ros2_ws/src) by extensions ['python_setup_py']
[0.097s] Level 1:colcon.colcon_core.package_identification:_identify(ros2_ws/src) by extension 'python_setup_py'
[0.097s] Level 1:colcon.colcon_core.package_identification:_identify(ros2_ws/src/amr_controller) by extensions ['ignore', 'ignore_ament_install']
[0.097s] Level 1:colcon.colcon_core.package_identification:_identify(ros2_ws/src/amr_controller) by extension 'ignore'
[0.097s] Level 1:colcon.colcon_core.package_identification:_identify(ros2_ws/src/amr_controller) by extension 'ignore_ament_install'
[0.097s] Level 1:colcon.colcon_core.package_identification:_identify(ros2_ws/src/amr_controller) by extensions ['colcon_pkg']
[0.097s] Level 1:colcon.colcon_core.package_identification:_identify(ros2_ws/src/amr_controller) by extension 'colcon_pkg'
[0.097s] Level 1:colcon.colcon_core.package_identification:_identify(ros2_ws/src/amr_controller) by extensions ['colcon_meta']
[0.097s] Level 1:colcon.colcon_core.package_identification:_identify(ros2_ws/src/amr_controller) by extension 'colcon_meta'
[0.097s] Level 1:colcon.colcon_core.package_identification:_identify(ros2_ws/src/amr_controller) by extensions ['ros']
[0.097s] Level 1:colcon.colcon_core.package_identification:_identify(ros2_ws/src/amr_controller) by extension 'ros'
[0.097s] Level 1:colcon.colcon_core.package_identification:_identify(ros2_ws/src/amr_controller) by extensions ['cmake', 'python']
[0.097s] Level 1:colcon.colcon_core.package_identification:_identify(ros2_ws/src/amr_controller) by extension 'cmake'
[0.097s] Level 1:colcon.colcon_core.package_identification:_identify(ros2_ws/src/amr_controller) by extension 'python'
[0.097s] Level 1:colcon.colcon_core.package_identification:_identify(ros2_ws/src/amr_controller) by extensions ['python_setup_py']
[0.097s] Level 1:colcon.colcon_core.package_identification:_identify(ros2_ws/src/amr_controller) by extension 'python_setup_py'
[0.097s] Level 1:colcon.colcon_core.package_identification:_identify(ros2_ws/src/amr_controller/amr_controller) by extensions ['ignore', 'ignore_ament_install']
[0.097s] Level 1:colcon.colcon_core.package_identification:_identify(ros2_ws/src/amr_controller/amr_controller) by extension 'ignore'
[0.097s] Level 1:colcon.colcon_core.package_identification:_identify(ros2_ws/src/amr_controller/amr_controller) by extension 'ignore_ament_install'
[0.097s] Level 1:colcon.colcon_core.package_identification:_identify(ros2_ws/src/amr_controller/amr_controller) by extensions ['colcon_pkg']
[0.097s] Level 1:colcon.colcon_core.package_identification:_identify(ros2_ws/src/amr_controller/amr_controller) by extension 'colcon_pkg'
[0.097s] Level 1:colcon.colcon_core.package_identification:_identify(ros2_ws/src/amr_controller/amr_controller) by extensions ['colcon_meta']
[0.097s] Level 1:colcon.colcon_core.package_identification:_identify(ros2_ws/src/amr_controller/amr_controller) by extension 'colcon_meta'
[0.097s] Level 1:colcon.colcon_core.package_identification:_identify(ros2_ws/src/amr_controller/amr_controller) by extensions ['ros']
[0.097s] Level 1:colcon.colcon_core.package_identification:_identify(ros2_ws/src/amr_controller/amr_controller) by extension 'ros'
[0.097s] Level 1:colcon.colcon_core.package_identification:_identify(ros2_ws/src/amr_controller/amr_controller) by extensions ['cmake', 'python']
[0.097s] Level 1:colcon.colcon_core.package_identification:_identify(ros2_ws/src/amr_controller/amr_controller) by extension 'cmake'
[0.097s] Level 1:colcon.colcon_core.package_identification:_identify(ros2_ws/src/amr_controller/amr_controller) by extension 'python'
[0.097s] Level 1:colcon.colcon_core.package_identification:_identify(ros2_ws/src/amr_controller/amr_controller) by extensions ['python_setup_py']
[0.097s] Level 1:colcon.colcon_core.package_identification:_identify(ros2_ws/src/amr_controller/amr_controller) by extension 'python_setup_py'
[0.097s] Level 1:colcon.colcon_core.package_identification:_identify(ros2_ws/src/amr_controller/config) by extensions ['ignore', 'ignore_ament_install']
[0.097s] Level 1:colcon.colcon_core.package_identification:_identify(ros2_ws/src/amr_controller/config) by extension 'ignore'
[0.097s] Level 1:colcon.colcon_core.package_identification:_identify(ros2_ws/src/amr_controller/config) by extension 'ignore_ament_install'
[0.097s] Level 1:colcon.colcon_core.package_identification:_identify(ros2_ws/src/amr_controller/config) by extensions ['colcon_pkg']
[0.097s] Level 1:colcon.colcon_core.package_identification:_identify(ros2_ws/src/amr_controller/config) by extension 'colcon_pkg'
[0.097s] Level 1:colcon.colcon_core.package_identification:_identify(ros2_ws/src/amr_controller/config) by extensions ['colcon_meta']
[0.097s] Level 1:colcon.colcon_core.package_identification:_identify(ros2_ws/src/amr_controller/config) by extension 'colcon_meta'
[0.097s] Level 1:colcon.colcon_core.package_identification:_identify(ros2_ws/src/amr_controller/config) by extensions ['ros']
[0.097s] Level 1:colcon.colcon_core.package_identification:_identify(ros2_ws/src/amr_controller/config) by extension 'ros'
[0.098s] Level 1:colcon.colcon_core.package_identification:_identify(ros2_ws/src/amr_controller/config) by extensions ['cmake', 'python']
[0.098s] Level 1:colcon.colcon_core.package_identification:_identify(ros2_ws/src/amr_controller/config) by extension 'cmake'
[0.098s] Level 1:colcon.colcon_core.package_identification:_identify(ros2_ws/src/amr_controller/config) by extension 'python'
[0.098s] Level 1:colcon.colcon_core.package_identification:_identify(ros2_ws/src/amr_controller/config) by extensions ['python_setup_py']
[0.098s] Level 1:colcon.colcon_core.package_identification:_identify(ros2_ws/src/amr_controller/config) by extension 'python_setup_py'
[0.098s] Level 1:colcon.colcon_core.package_identification:_identify(ros2_ws/src/arm_controller) by extensions ['ignore', 'ignore_ament_install']
[0.098s] Level 1:colcon.colcon_core.package_identification:_identify(ros2_ws/src/arm_controller) by extension 'ignore'
[0.098s] Level 1:colcon.colcon_core.package_identification:_identify(ros2_ws/src/arm_controller) by extension 'ignore_ament_install'
[0.098s] Level 1:colcon.colcon_core.package_identification:_identify(ros2_ws/src/arm_controller) by extensions ['colcon_pkg']
[0.098s] Level 1:colcon.colcon_core.package_identification:_identify(ros2_ws/src/arm_controller) by extension 'colcon_pkg'
[0.098s] Level 1:colcon.colcon_core.package_identification:_identify(ros2_ws/src/arm_controller) by extensions ['colcon_meta']
[0.098s] Level 1:colcon.colcon_core.package_identification:_identify(ros2_ws/src/arm_controller) by extension 'colcon_meta'
[0.098s] Level 1:colcon.colcon_core.package_identification:_identify(ros2_ws/src/arm_controller) by extensions ['ros']
[0.098s] Level 1:colcon.colcon_core.package_identification:_identify(ros2_ws/src/arm_controller) by extension 'ros'
[0.098s] Level 1:colcon.colcon_core.package_identification:_identify(ros2_ws/src/arm_controller) by extensions ['cmake', 'python']
[0.098s] Level 1:colcon.colcon_core.package_identification:_identify(ros2_ws/src/arm_controller) by extension 'cmake'
[0.098s] Level 1:colcon.colcon_core.package_identification:_identify(ros2_ws/src/arm_controller) by extension 'python'
[0.098s] Level 1:colcon.colcon_core.package_identification:_identify(ros2_ws/src/arm_controller) by extensions ['python_setup_py']
[0.098s] Level 1:colcon.colcon_core.package_identification:_identify(ros2_ws/src/arm_controller) by extension 'python_setup_py'
[0.098s] Level 1:colcon.colcon_core.package_identification:_identify(ros2_ws/src/arm_controller/arm_controller) by extensions ['ignore', 'ignore_ament_install']
[0.098s] Level 1:colcon.colcon_core.package_identification:_identify(ros2_ws/src/arm_controller/arm_controller) by extension 'ignore'
[0.098s] Level 1:colcon.colcon_core.package_identification:_identify(ros2_ws/src/arm_controller/arm_controller) by extension 'ignore_ament_install'
[0.098s] Level 1:colcon.colcon_core.package_identification:_identify(ros2_ws/src/arm_controller/arm_controller) by extensions ['colcon_pkg']
[0.098s] Level 1:colcon.colcon_core.package_identification:_identify(ros2_ws/src/arm_controller/arm_controller) by extension 'colcon_pkg'
[0.098s] Level 1:colcon.colcon_core.package_identification:_identify(ros2_ws/src/arm_controller/arm_controller) by extensions ['colcon_meta']
[0.098s] Level 1:colcon.colcon_core.package_identification:_identify(ros2_ws/src/arm_controller/arm_controller) by extension 'colcon_meta'
[0.098s] Level 1:colcon.colcon_core.package_identification:_identify(ros2_ws/src/arm_controller/arm_controller) by extensions ['ros']
[0.098s] Level 1:colcon.colcon_core.package_identification:_identify(ros2_ws/src/arm_controller/arm_controller) by extension 'ros'
[0.098s] Level 1:colcon.colcon_core.package_identification:_identify(ros2_ws/src/arm_controller/arm_controller) by extensions ['cmake', 'python']
[0.098s] Level 1:colcon.colcon_core.package_identification:_identify(ros2_ws/src/arm_controller/arm_controller) by extension 'cmake'
[0.098s] Level 1:colcon.colcon_core.package_identification:_identify(ros2_ws/src/arm_controller/arm_controller) by extension 'python'
[0.098s] Level 1:colcon.colcon_core.package_identification:_identify(ros2_ws/src/arm_controller/arm_controller) by extensions ['python_setup_py']
[0.098s] Level 1:colcon.colcon_core.package_identification:_identify(ros2_ws/src/arm_controller/arm_controller) by extension 'python_setup_py'
[0.098s] Level 1:colcon.colcon_core.package_identification:_identify(ros2_ws/src/arm_controller/config) by extensions ['ignore', 'ignore_ament_install']
[0.098s] Level 1:colcon.colcon_core.package_identification:_identify(ros2_ws/src/arm_controller/config) by extension 'ignore'
[0.098s] Level 1:colcon.colcon_core.package_identification:_identify(ros2_ws/src/arm_controller/config) by extension 'ignore_ament_install'
[0.098s] Level 1:colcon.colcon_core.package_identification:_identify(ros2_ws/src/arm_controller/config) by extensions ['colcon_pkg']
[0.098s] Level 1:colcon.colcon_core.package_identification:_identify(ros2_ws/src/arm_controller/config) by extension 'colcon_pkg'
[0.098s] Level 1:colcon.colcon_core.package_identification:_identify(ros2_ws/src/arm_controller/config) by extensions ['colcon_meta']
[0.098s] Level 1:colcon.colcon_core.package_identification:_identify(ros2_ws/src/arm_controller/config) by extension 'colcon_meta'
[0.098s] Level 1:colcon.colcon_core.package_identification:_identify(ros2_ws/src/arm_controller/config) by extensions ['ros']
[0.098s] Level 1:colcon.colcon_core.package_identification:_identify(ros2_ws/src/arm_controller/config) by extension 'ros'
[0.098s] Level 1:colcon.colcon_core.package_identification:_identify(ros2_ws/src/arm_controller/config) by extensions ['cmake', 'python']
[0.098s] Level 1:colcon.colcon_core.package_identification:_identify(ros2_ws/src/arm_controller/config) by extension 'cmake'
[0.098s] Level 1:colcon.colcon_core.package_identification:_identify(ros2_ws/src/arm_controller/config) by extension 'python'
[0.098s] Level 1:colcon.colcon_core.package_identification:_identify(ros2_ws/src/arm_controller/config) by extensions ['python_setup_py']
[0.098s] Level 1:colcon.colcon_core.package_identification:_identify(ros2_ws/src/arm_controller/config) by extension 'python_setup_py'
[0.098s] Level 1:colcon.colcon_core.package_identification:_identify(ros2_ws/src/logistics_bringup) by extensions ['ignore', 'ignore_ament_install']
[0.098s] Level 1:colcon.colcon_core.package_identification:_identify(ros2_ws/src/logistics_bringup) by extension 'ignore'
[0.098s] Level 1:colcon.colcon_core.package_identification:_identify(ros2_ws/src/logistics_bringup) by extension 'ignore_ament_install'
[0.098s] Level 1:colcon.colcon_core.package_identification:_identify(ros2_ws/src/logistics_bringup) by extensions ['colcon_pkg']
[0.098s] Level 1:colcon.colcon_core.package_identification:_identify(ros2_ws/src/logistics_bringup) by extension 'colcon_pkg'
[0.098s] Level 1:colcon.colcon_core.package_identification:_identify(ros2_ws/src/logistics_bringup) by extensions ['colcon_meta']
[0.098s] Level 1:colcon.colcon_core.package_identification:_identify(ros2_ws/src/logistics_bringup) by extension 'colcon_meta'
[0.098s] Level 1:colcon.colcon_core.package_identification:_identify(ros2_ws/src/logistics_bringup) by extensions ['ros']
[0.098s] Level 1:colcon.colcon_core.package_identification:_identify(ros2_ws/src/logistics_bringup) by extension 'ros'
[0.098s] Level 1:colcon.colcon_core.package_identification:_identify(ros2_ws/src/logistics_bringup) by extensions ['cmake', 'python']
[0.098s] Level 1:colcon.colcon_core.package_identification:_identify(ros2_ws/src/logistics_bringup) by extension 'cmake'
[0.099s] Level 1:colcon.colcon_core.package_identification:_identify(ros2_ws/src/logistics_bringup) by extension 'python'
[0.099s] Level 1:colcon.colcon_core.package_identification:_identify(ros2_ws/src/logistics_bringup) by extensions ['python_setup_py']
[0.099s] Level 1:colcon.colcon_core.package_identification:_identify(ros2_ws/src/logistics_bringup) by extension 'python_setup_py'
[0.099s] Level 1:colcon.colcon_core.package_identification:_identify(ros2_ws/src/logistics_bringup/config) by extensions ['ignore', 'ignore_ament_install']
[0.099s] Level 1:colcon.colcon_core.package_identification:_identify(ros2_ws/src/logistics_bringup/config) by extension 'ignore'
[0.099s] Level 1:colcon.colcon_core.package_identification:_identify(ros2_ws/src/logistics_bringup/config) by extension 'ignore_ament_install'
[0.099s] Level 1:colcon.colcon_core.package_identification:_identify(ros2_ws/src/logistics_bringup/config) by extensions ['colcon_pkg']
[0.099s] Level 1:colcon.colcon_core.package_identification:_identify(ros2_ws/src/logistics_bringup/config) by extension 'colcon_pkg'
[0.099s] Level 1:colcon.colcon_core.package_identification:_identify(ros2_ws/src/logistics_bringup/config) by extensions ['colcon_meta']
[0.099s] Level 1:colcon.colcon_core.package_identification:_identify(ros2_ws/src/logistics_bringup/config) by extension 'colcon_meta'
[0.099s] Level 1:colcon.colcon_core.package_identification:_identify(ros2_ws/src/logistics_bringup/config) by extensions ['ros']
[0.099s] Level 1:colcon.colcon_core.package_identification:_identify(ros2_ws/src/logistics_bringup/config) by extension 'ros'
[0.099s] Level 1:colcon.colcon_core.package_identification:_identify(ros2_ws/src/logistics_bringup/config) by extensions ['cmake', 'python']
[0.099s] Level 1:colcon.colcon_core.package_identification:_identify(ros2_ws/src/logistics_bringup/config) by extension 'cmake'
[0.099s] Level 1:colcon.colcon_core.package_identification:_identify(ros2_ws/src/logistics_bringup/config) by extension 'python'
[0.099s] Level 1:colcon.colcon_core.package_identification:_identify(ros2_ws/src/logistics_bringup/config) by extensions ['python_setup_py']
[0.099s] Level 1:colcon.colcon_core.package_identification:_identify(ros2_ws/src/logistics_bringup/config) by extension 'python_setup_py'
[0.099s] Level 1:colcon.colcon_core.package_identification:_identify(ros2_ws/src/logistics_bringup/launch) by extensions ['ignore', 'ignore_ament_install']
[0.099s] Level 1:colcon.colcon_core.package_identification:_identify(ros2_ws/src/logistics_bringup/launch) by extension 'ignore'
[0.099s] Level 1:colcon.colcon_core.package_identification:_identify(ros2_ws/src/logistics_bringup/launch) by extension 'ignore_ament_install'
[0.099s] Level 1:colcon.colcon_core.package_identification:_identify(ros2_ws/src/logistics_bringup/launch) by extensions ['colcon_pkg']
[0.099s] Level 1:colcon.colcon_core.package_identification:_identify(ros2_ws/src/logistics_bringup/launch) by extension 'colcon_pkg'
[0.099s] Level 1:colcon.colcon_core.package_identification:_identify(ros2_ws/src/logistics_bringup/launch) by extensions ['colcon_meta']
[0.099s] Level 1:colcon.colcon_core.package_identification:_identify(ros2_ws/src/logistics_bringup/launch) by extension 'colcon_meta'
[0.099s] Level 1:colcon.colcon_core.package_identification:_identify(ros2_ws/src/logistics_bringup/launch) by extensions ['ros']
[0.099s] Level 1:colcon.colcon_core.package_identification:_identify(ros2_ws/src/logistics_bringup/launch) by extension 'ros'
[0.099s] Level 1:colcon.colcon_core.package_identification:_identify(ros2_ws/src/logistics_bringup/launch) by extensions ['cmake', 'python']
[0.099s] Level 1:colcon.colcon_core.package_identification:_identify(ros2_ws/src/logistics_bringup/launch) by extension 'cmake'
[0.099s] Level 1:colcon.colcon_core.package_identification:_identify(ros2_ws/src/logistics_bringup/launch) by extension 'python'
[0.099s] Level 1:colcon.colcon_core.package_identification:_identify(ros2_ws/src/logistics_bringup/launch) by extensions ['python_setup_py']
[0.099s] Level 1:colcon.colcon_core.package_identification:_identify(ros2_ws/src/logistics_bringup/launch) by extension 'python_setup_py'
[0.099s] Level 1:colcon.colcon_core.package_identification:_identify(ros2_ws/src/logistics_interfaces) by extensions ['ignore', 'ignore_ament_install']
[0.099s] Level 1:colcon.colcon_core.package_identification:_identify(ros2_ws/src/logistics_interfaces) by extension 'ignore'
[0.099s] Level 1:colcon.colcon_core.package_identification:_identify(ros2_ws/src/logistics_interfaces) by extension 'ignore_ament_install'
[0.099s] Level 1:colcon.colcon_core.package_identification:_identify(ros2_ws/src/logistics_interfaces) by extensions ['colcon_pkg']
[0.099s] Level 1:colcon.colcon_core.package_identification:_identify(ros2_ws/src/logistics_interfaces) by extension 'colcon_pkg'
[0.099s] Level 1:colcon.colcon_core.package_identification:_identify(ros2_ws/src/logistics_interfaces) by extensions ['colcon_meta']
[0.099s] Level 1:colcon.colcon_core.package_identification:_identify(ros2_ws/src/logistics_interfaces) by extension 'colcon_meta'
[0.099s] Level 1:colcon.colcon_core.package_identification:_identify(ros2_ws/src/logistics_interfaces) by extensions ['ros']
[0.099s] Level 1:colcon.colcon_core.package_identification:_identify(ros2_ws/src/logistics_interfaces) by extension 'ros'
[0.099s] Level 1:colcon.colcon_core.package_identification:_identify(ros2_ws/src/logistics_interfaces) by extensions ['cmake', 'python']
[0.099s] Level 1:colcon.colcon_core.package_identification:_identify(ros2_ws/src/logistics_interfaces) by extension 'cmake'
[0.099s] Level 1:colcon.colcon_core.package_identification:_identify(ros2_ws/src/logistics_interfaces) by extension 'python'
[0.099s] Level 1:colcon.colcon_core.package_identification:_identify(ros2_ws/src/logistics_interfaces) by extensions ['python_setup_py']
[0.099s] Level 1:colcon.colcon_core.package_identification:_identify(ros2_ws/src/logistics_interfaces) by extension 'python_setup_py'
[0.099s] Level 1:colcon.colcon_core.package_identification:_identify(ros2_ws/src/logistics_interfaces/action) by extensions ['ignore', 'ignore_ament_install']
[0.099s] Level 1:colcon.colcon_core.package_identification:_identify(ros2_ws/src/logistics_interfaces/action) by extension 'ignore'
[0.099s] Level 1:colcon.colcon_core.package_identification:_identify(ros2_ws/src/logistics_interfaces/action) by extension 'ignore_ament_install'
[0.099s] Level 1:colcon.colcon_core.package_identification:_identify(ros2_ws/src/logistics_interfaces/action) by extensions ['colcon_pkg']
[0.099s] Level 1:colcon.colcon_core.package_identification:_identify(ros2_ws/src/logistics_interfaces/action) by extension 'colcon_pkg'
[0.099s] Level 1:colcon.colcon_core.package_identification:_identify(ros2_ws/src/logistics_interfaces/action) by extensions ['colcon_meta']
[0.099s] Level 1:colcon.colcon_core.package_identification:_identify(ros2_ws/src/logistics_interfaces/action) by extension 'colcon_meta'
[0.099s] Level 1:colcon.colcon_core.package_identification:_identify(ros2_ws/src/logistics_interfaces/action) by extensions ['ros']
[0.099s] Level 1:colcon.colcon_core.package_identification:_identify(ros2_ws/src/logistics_interfaces/action) by extension 'ros'
[0.099s] Level 1:colcon.colcon_core.package_identification:_identify(ros2_ws/src/logistics_interfaces/action) by extensions ['cmake', 'python']
[0.099s] Level 1:colcon.colcon_core.package_identification:_identify(ros2_ws/src/logistics_interfaces/action) by extension 'cmake'
[0.099s] Level 1:colcon.colcon_core.package_identification:_identify(ros2_ws/src/logistics_interfaces/action) by extension 'python'
[0.099s] Level 1:colcon.colcon_core.package_identification:_identify(ros2_ws/src/logistics_interfaces/action) by extensions ['python_setup_py']
[0.099s] Level 1:colcon.colcon_core.package_identification:_identify(ros2_ws/src/logistics_interfaces/action) by extension 'python_setup_py'
[0.100s] Level 1:colcon.colcon_core.package_identification:_identify(ros2_ws/src/logistics_interfaces/msg) by extensions ['ignore', 'ignore_ament_install']
[0.100s] Level 1:colcon.colcon_core.package_identification:_identify(ros2_ws/src/logistics_interfaces/msg) by extension 'ignore'
[0.100s] Level 1:colcon.colcon_core.package_identification:_identify(ros2_ws/src/logistics_interfaces/msg) by extension 'ignore_ament_install'
[0.100s] Level 1:colcon.colcon_core.package_identification:_identify(ros2_ws/src/logistics_interfaces/msg) by extensions ['colcon_pkg']
[0.100s] Level 1:colcon.colcon_core.package_identification:_identify(ros2_ws/src/logistics_interfaces/msg) by extension 'colcon_pkg'
[0.100s] Level 1:colcon.colcon_core.package_identification:_identify(ros2_ws/src/logistics_interfaces/msg) by extensions ['colcon_meta']
[0.100s] Level 1:colcon.colcon_core.package_identification:_identify(ros2_ws/src/logistics_interfaces/msg) by extension 'colcon_meta'
[0.100s] Level 1:colcon.colcon_core.package_identification:_identify(ros2_ws/src/logistics_interfaces/msg) by extensions ['ros']
[0.100s] Level 1:colcon.colcon_core.package_identification:_identify(ros2_ws/src/logistics_interfaces/msg) by extension 'ros'
[0.100s] Level 1:colcon.colcon_core.package_identification:_identify(ros2_ws/src/logistics_interfaces/msg) by extensions ['cmake', 'python']
[0.100s] Level 1:colcon.colcon_core.package_identification:_identify(ros2_ws/src/logistics_interfaces/msg) by extension 'cmake'
[0.100s] Level 1:colcon.colcon_core.package_identification:_identify(ros2_ws/src/logistics_interfaces/msg) by extension 'python'
[0.100s] Level 1:colcon.colcon_core.package_identification:_identify(ros2_ws/src/logistics_interfaces/msg) by extensions ['python_setup_py']
[0.100s] Level 1:colcon.colcon_core.package_identification:_identify(ros2_ws/src/logistics_interfaces/msg) by extension 'python_setup_py'
[0.100s] Level 1:colcon.colcon_core.package_identification:_identify(ros2_ws/src/logistics_interfaces/srv) by extensions ['ignore', 'ignore_ament_install']
[0.100s] Level 1:colcon.colcon_core.package_identification:_identify(ros2_ws/src/logistics_interfaces/srv) by extension 'ignore'
[0.100s] Level 1:colcon.colcon_core.package_identification:_identify(ros2_ws/src/logistics_interfaces/srv) by extension 'ignore_ament_install'
[0.100s] Level 1:colcon.colcon_core.package_identification:_identify(ros2_ws/src/logistics_interfaces/srv) by extensions ['colcon_pkg']
[0.100s] Level 1:colcon.colcon_core.package_identification:_identify(ros2_ws/src/logistics_interfaces/srv) by extension 'colcon_pkg'
[0.100s] Level 1:colcon.colcon_core.package_identification:_identify(ros2_ws/src/logistics_interfaces/srv) by extensions ['colcon_meta']
[0.100s] Level 1:colcon.colcon_core.package_identification:_identify(ros2_ws/src/logistics_interfaces/srv) by extension 'colcon_meta'
[0.100s] Level 1:colcon.colcon_core.package_identification:_identify(ros2_ws/src/logistics_interfaces/srv) by extensions ['ros']
[0.100s] Level 1:colcon.colcon_core.package_identification:_identify(ros2_ws/src/logistics_interfaces/srv) by extension 'ros'
[0.100s] Level 1:colcon.colcon_core.package_identification:_identify(ros2_ws/src/logistics_interfaces/srv) by extensions ['cmake', 'python']
[0.100s] Level 1:colcon.colcon_core.package_identification:_identify(ros2_ws/src/logistics_interfaces/srv) by extension 'cmake'
[0.100s] Level 1:colcon.colcon_core.package_identification:_identify(ros2_ws/src/logistics_interfaces/srv) by extension 'python'
[0.100s] Level 1:colcon.colcon_core.package_identification:_identify(ros2_ws/src/logistics_interfaces/srv) by extensions ['python_setup_py']
[0.100s] Level 1:colcon.colcon_core.package_identification:_identify(ros2_ws/src/logistics_interfaces/srv) by extension 'python_setup_py'
[0.100s] Level 1:colcon.colcon_core.package_identification:_identify(ros2_ws/src/mission_manager) by extensions ['ignore', 'ignore_ament_install']
[0.100s] Level 1:colcon.colcon_core.package_identification:_identify(ros2_ws/src/mission_manager) by extension 'ignore'
[0.100s] Level 1:colcon.colcon_core.package_identification:_identify(ros2_ws/src/mission_manager) by extension 'ignore_ament_install'
[0.100s] Level 1:colcon.colcon_core.package_identification:_identify(ros2_ws/src/mission_manager) by extensions ['colcon_pkg']
[0.100s] Level 1:colcon.colcon_core.package_identification:_identify(ros2_ws/src/mission_manager) by extension 'colcon_pkg'
[0.100s] Level 1:colcon.colcon_core.package_identification:_identify(ros2_ws/src/mission_manager) by extensions ['colcon_meta']
[0.100s] Level 1:colcon.colcon_core.package_identification:_identify(ros2_ws/src/mission_manager) by extension 'colcon_meta'
[0.100s] Level 1:colcon.colcon_core.package_identification:_identify(ros2_ws/src/mission_manager) by extensions ['ros']
[0.100s] Level 1:colcon.colcon_core.package_identification:_identify(ros2_ws/src/mission_manager) by extension 'ros'
[0.100s] Level 1:colcon.colcon_core.package_identification:_identify(ros2_ws/src/mission_manager) by extensions ['cmake', 'python']
[0.100s] Level 1:colcon.colcon_core.package_identification:_identify(ros2_ws/src/mission_manager) by extension 'cmake'
[0.100s] Level 1:colcon.colcon_core.package_identification:_identify(ros2_ws/src/mission_manager) by extension 'python'
[0.100s] Level 1:colcon.colcon_core.package_identification:_identify(ros2_ws/src/mission_manager) by extensions ['python_setup_py']
[0.100s] Level 1:colcon.colcon_core.package_identification:_identify(ros2_ws/src/mission_manager) by extension 'python_setup_py'
[0.100s] Level 1:colcon.colcon_core.package_identification:_identify(ros2_ws/src/mission_manager/config) by extensions ['ignore', 'ignore_ament_install']
[0.100s] Level 1:colcon.colcon_core.package_identification:_identify(ros2_ws/src/mission_manager/config) by extension 'ignore'
[0.100s] Level 1:colcon.colcon_core.package_identification:_identify(ros2_ws/src/mission_manager/config) by extension 'ignore_ament_install'
[0.100s] Level 1:colcon.colcon_core.package_identification:_identify(ros2_ws/src/mission_manager/config) by extensions ['colcon_pkg']
[0.100s] Level 1:colcon.colcon_core.package_identification:_identify(ros2_ws/src/mission_manager/config) by extension 'colcon_pkg'
[0.100s] Level 1:colcon.colcon_core.package_identification:_identify(ros2_ws/src/mission_manager/config) by extensions ['colcon_meta']
[0.100s] Level 1:colcon.colcon_core.package_identification:_identify(ros2_ws/src/mission_manager/config) by extension 'colcon_meta'
[0.100s] Level 1:colcon.colcon_core.package_identification:_identify(ros2_ws/src/mission_manager/config) by extensions ['ros']
[0.100s] Level 1:colcon.colcon_core.package_identification:_identify(ros2_ws/src/mission_manager/config) by extension 'ros'
[0.100s] Level 1:colcon.colcon_core.package_identification:_identify(ros2_ws/src/mission_manager/config) by extensions ['cmake', 'python']
[0.100s] Level 1:colcon.colcon_core.package_identification:_identify(ros2_ws/src/mission_manager/config) by extension 'cmake'
[0.100s] Level 1:colcon.colcon_core.package_identification:_identify(ros2_ws/src/mission_manager/config) by extension 'python'
[0.100s] Level 1:colcon.colcon_core.package_identification:_identify(ros2_ws/src/mission_manager/config) by extensions ['python_setup_py']
[0.100s] Level 1:colcon.colcon_core.package_identification:_identify(ros2_ws/src/mission_manager/config) by extension 'python_setup_py'
[0.100s] Level 1:colcon.colcon_core.package_identification:_identify(ros2_ws/src/mission_manager/mission_manager) by extensions ['ignore', 'ignore_ament_install']
[0.100s] Level 1:colcon.colcon_core.package_identification:_identify(ros2_ws/src/mission_manager/mission_manager) by extension 'ignore'
[0.101s] Level 1:colcon.colcon_core.package_identification:_identify(ros2_ws/src/mission_manager/mission_manager) by extension 'ignore_ament_install'
[0.101s] Level 1:colcon.colcon_core.package_identification:_identify(ros2_ws/src/mission_manager/mission_manager) by extensions ['colcon_pkg']
[0.101s] Level 1:colcon.colcon_core.package_identification:_identify(ros2_ws/src/mission_manager/mission_manager) by extension 'colcon_pkg'
[0.101s] Level 1:colcon.colcon_core.package_identification:_identify(ros2_ws/src/mission_manager/mission_manager) by extensions ['colcon_meta']
[0.101s] Level 1:colcon.colcon_core.package_identification:_identify(ros2_ws/src/mission_manager/mission_manager) by extension 'colcon_meta'
[0.101s] Level 1:colcon.colcon_core.package_identification:_identify(ros2_ws/src/mission_manager/mission_manager) by extensions ['ros']
[0.101s] Level 1:colcon.colcon_core.package_identification:_identify(ros2_ws/src/mission_manager/mission_manager) by extension 'ros'
[0.101s] Level 1:colcon.colcon_core.package_identification:_identify(ros2_ws/src/mission_manager/mission_manager) by extensions ['cmake', 'python']
[0.101s] Level 1:colcon.colcon_core.package_identification:_identify(ros2_ws/src/mission_manager/mission_manager) by extension 'cmake'
[0.101s] Level 1:colcon.colcon_core.package_identification:_identify(ros2_ws/src/mission_manager/mission_manager) by extension 'python'
[0.101s] Level 1:colcon.colcon_core.package_identification:_identify(ros2_ws/src/mission_manager/mission_manager) by extensions ['python_setup_py']
[0.101s] Level 1:colcon.colcon_core.package_identification:_identify(ros2_ws/src/mission_manager/mission_manager) by extension 'python_setup_py'
[0.101s] Level 1:colcon.colcon_core.package_identification:_identify(ros2_ws/src/sorter_controller) by extensions ['ignore', 'ignore_ament_install']
[0.101s] Level 1:colcon.colcon_core.package_identification:_identify(ros2_ws/src/sorter_controller) by extension 'ignore'
[0.101s] Level 1:colcon.colcon_core.package_identification:_identify(ros2_ws/src/sorter_controller) by extension 'ignore_ament_install'
[0.101s] Level 1:colcon.colcon_core.package_identification:_identify(ros2_ws/src/sorter_controller) by extensions ['colcon_pkg']
[0.101s] Level 1:colcon.colcon_core.package_identification:_identify(ros2_ws/src/sorter_controller) by extension 'colcon_pkg'
[0.101s] Level 1:colcon.colcon_core.package_identification:_identify(ros2_ws/src/sorter_controller) by extensions ['colcon_meta']
[0.101s] Level 1:colcon.colcon_core.package_identification:_identify(ros2_ws/src/sorter_controller) by extension 'colcon_meta'
[0.101s] Level 1:colcon.colcon_core.package_identification:_identify(ros2_ws/src/sorter_controller) by extensions ['ros']
[0.101s] Level 1:colcon.colcon_core.package_identification:_identify(ros2_ws/src/sorter_controller) by extension 'ros'
[0.101s] Level 1:colcon.colcon_core.package_identification:_identify(ros2_ws/src/sorter_controller) by extensions ['cmake', 'python']
[0.101s] Level 1:colcon.colcon_core.package_identification:_identify(ros2_ws/src/sorter_controller) by extension 'cmake'
[0.101s] Level 1:colcon.colcon_core.package_identification:_identify(ros2_ws/src/sorter_controller) by extension 'python'
[0.101s] Level 1:colcon.colcon_core.package_identification:_identify(ros2_ws/src/sorter_controller) by extensions ['python_setup_py']
[0.101s] Level 1:colcon.colcon_core.package_identification:_identify(ros2_ws/src/sorter_controller) by extension 'python_setup_py'
[0.101s] Level 1:colcon.colcon_core.package_identification:_identify(ros2_ws/src/sorter_controller/config) by extensions ['ignore', 'ignore_ament_install']
[0.101s] Level 1:colcon.colcon_core.package_identification:_identify(ros2_ws/src/sorter_controller/config) by extension 'ignore'
[0.101s] Level 1:colcon.colcon_core.package_identification:_identify(ros2_ws/src/sorter_controller/config) by extension 'ignore_ament_install'
[0.101s] Level 1:colcon.colcon_core.package_identification:_identify(ros2_ws/src/sorter_controller/config) by extensions ['colcon_pkg']
[0.101s] Level 1:colcon.colcon_core.package_identification:_identify(ros2_ws/src/sorter_controller/config) by extension 'colcon_pkg'
[0.101s] Level 1:colcon.colcon_core.package_identification:_identify(ros2_ws/src/sorter_controller/config) by extensions ['colcon_meta']
[0.101s] Level 1:colcon.colcon_core.package_identification:_identify(ros2_ws/src/sorter_controller/config) by extension 'colcon_meta'
[0.101s] Level 1:colcon.colcon_core.package_identification:_identify(ros2_ws/src/sorter_controller/config) by extensions ['ros']
[0.101s] Level 1:colcon.colcon_core.package_identification:_identify(ros2_ws/src/sorter_controller/config) by extension 'ros'
[0.101s] Level 1:colcon.colcon_core.package_identification:_identify(ros2_ws/src/sorter_controller/config) by extensions ['cmake', 'python']
[0.101s] Level 1:colcon.colcon_core.package_identification:_identify(ros2_ws/src/sorter_controller/config) by extension 'cmake'
[0.101s] Level 1:colcon.colcon_core.package_identification:_identify(ros2_ws/src/sorter_controller/config) by extension 'python'
[0.101s] Level 1:colcon.colcon_core.package_identification:_identify(ros2_ws/src/sorter_controller/config) by extensions ['python_setup_py']
[0.101s] Level 1:colcon.colcon_core.package_identification:_identify(ros2_ws/src/sorter_controller/config) by extension 'python_setup_py'
[0.101s] Level 1:colcon.colcon_core.package_identification:_identify(ros2_ws/src/sorter_controller/sorter_controller) by extensions ['ignore', 'ignore_ament_install']
[0.101s] Level 1:colcon.colcon_core.package_identification:_identify(ros2_ws/src/sorter_controller/sorter_controller) by extension 'ignore'
[0.101s] Level 1:colcon.colcon_core.package_identification:_identify(ros2_ws/src/sorter_controller/sorter_controller) by extension 'ignore_ament_install'
[0.101s] Level 1:colcon.colcon_core.package_identification:_identify(ros2_ws/src/sorter_controller/sorter_controller) by extensions ['colcon_pkg']
[0.101s] Level 1:colcon.colcon_core.package_identification:_identify(ros2_ws/src/sorter_controller/sorter_controller) by extension 'colcon_pkg'
[0.101s] Level 1:colcon.colcon_core.package_identification:_identify(ros2_ws/src/sorter_controller/sorter_controller) by extensions ['colcon_meta']
[0.101s] Level 1:colcon.colcon_core.package_identification:_identify(ros2_ws/src/sorter_controller/sorter_controller) by extension 'colcon_meta'
[0.101s] Level 1:colcon.colcon_core.package_identification:_identify(ros2_ws/src/sorter_controller/sorter_controller) by extensions ['ros']
[0.101s] Level 1:colcon.colcon_core.package_identification:_identify(ros2_ws/src/sorter_controller/sorter_controller) by extension 'ros'
[0.101s] Level 1:colcon.colcon_core.package_identification:_identify(ros2_ws/src/sorter_controller/sorter_controller) by extensions ['cmake', 'python']
[0.101s] Level 1:colcon.colcon_core.package_identification:_identify(ros2_ws/src/sorter_controller/sorter_controller) by extension 'cmake'
[0.101s] Level 1:colcon.colcon_core.package_identification:_identify(ros2_ws/src/sorter_controller/sorter_controller) by extension 'python'
[0.101s] Level 1:colcon.colcon_core.package_identification:_identify(ros2_ws/src/sorter_controller/sorter_controller) by extensions ['python_setup_py']
[0.101s] Level 1:colcon.colcon_core.package_identification:_identify(ros2_ws/src/sorter_controller/sorter_controller) by extension 'python_setup_py'
[0.101s] Level 1:colcon.colcon_core.package_identification:_identify(scripts) by extensions ['ignore', 'ignore_ament_install']
[0.101s] Level 1:colcon.colcon_core.package_identification:_identify(scripts) by extension 'ignore'
[0.101s] Level 1:colcon.colcon_core.package_identification:_identify(scripts) by extension 'ignore_ament_install'
[0.101s] Level 1:colcon.colcon_core.package_identification:_identify(scripts) by extensions ['colcon_pkg']
[0.102s] Level 1:colcon.colcon_core.package_identification:_identify(scripts) by extension 'colcon_pkg'
[0.102s] Level 1:colcon.colcon_core.package_identification:_identify(scripts) by extensions ['colcon_meta']
[0.102s] Level 1:colcon.colcon_core.package_identification:_identify(scripts) by extension 'colcon_meta'
[0.102s] Level 1:colcon.colcon_core.package_identification:_identify(scripts) by extensions ['ros']
[0.102s] Level 1:colcon.colcon_core.package_identification:_identify(scripts) by extension 'ros'
[0.102s] Level 1:colcon.colcon_core.package_identification:_identify(scripts) by extensions ['cmake', 'python']
[0.102s] Level 1:colcon.colcon_core.package_identification:_identify(scripts) by extension 'cmake'
[0.102s] Level 1:colcon.colcon_core.package_identification:_identify(scripts) by extension 'python'
[0.102s] Level 1:colcon.colcon_core.package_identification:_identify(scripts) by extensions ['python_setup_py']
[0.102s] Level 1:colcon.colcon_core.package_identification:_identify(scripts) by extension 'python_setup_py'
[0.102s] Level 1:colcon.colcon_core.package_identification:_identify(tests) by extensions ['ignore', 'ignore_ament_install']
[0.102s] Level 1:colcon.colcon_core.package_identification:_identify(tests) by extension 'ignore'
[0.102s] Level 1:colcon.colcon_core.package_identification:_identify(tests) by extension 'ignore_ament_install'
[0.102s] Level 1:colcon.colcon_core.package_identification:_identify(tests) by extensions ['colcon_pkg']
[0.102s] Level 1:colcon.colcon_core.package_identification:_identify(tests) by extension 'colcon_pkg'
[0.102s] Level 1:colcon.colcon_core.package_identification:_identify(tests) by extensions ['colcon_meta']
[0.102s] Level 1:colcon.colcon_core.package_identification:_identify(tests) by extension 'colcon_meta'
[0.102s] Level 1:colcon.colcon_core.package_identification:_identify(tests) by extensions ['ros']
[0.102s] Level 1:colcon.colcon_core.package_identification:_identify(tests) by extension 'ros'
[0.102s] Level 1:colcon.colcon_core.package_identification:_identify(tests) by extensions ['cmake', 'python']
[0.102s] Level 1:colcon.colcon_core.package_identification:_identify(tests) by extension 'cmake'
[0.102s] Level 1:colcon.colcon_core.package_identification:_identify(tests) by extension 'python'
[0.102s] Level 1:colcon.colcon_core.package_identification:_identify(tests) by extensions ['python_setup_py']
[0.102s] Level 1:colcon.colcon_core.package_identification:_identify(tests) by extension 'python_setup_py'
[0.102s] Level 1:colcon.colcon_core.package_identification:_identify(tests/isaac_sim) by extensions ['ignore', 'ignore_ament_install']
[0.102s] Level 1:colcon.colcon_core.package_identification:_identify(tests/isaac_sim) by extension 'ignore'
[0.102s] Level 1:colcon.colcon_core.package_identification:_identify(tests/isaac_sim) by extension 'ignore_ament_install'
[0.102s] Level 1:colcon.colcon_core.package_identification:_identify(tests/isaac_sim) by extensions ['colcon_pkg']
[0.102s] Level 1:colcon.colcon_core.package_identification:_identify(tests/isaac_sim) by extension 'colcon_pkg'
[0.102s] Level 1:colcon.colcon_core.package_identification:_identify(tests/isaac_sim) by extensions ['colcon_meta']
[0.102s] Level 1:colcon.colcon_core.package_identification:_identify(tests/isaac_sim) by extension 'colcon_meta'
[0.102s] Level 1:colcon.colcon_core.package_identification:_identify(tests/isaac_sim) by extensions ['ros']
[0.102s] Level 1:colcon.colcon_core.package_identification:_identify(tests/isaac_sim) by extension 'ros'
[0.102s] Level 1:colcon.colcon_core.package_identification:_identify(tests/isaac_sim) by extensions ['cmake', 'python']
[0.102s] Level 1:colcon.colcon_core.package_identification:_identify(tests/isaac_sim) by extension 'cmake'
[0.102s] Level 1:colcon.colcon_core.package_identification:_identify(tests/isaac_sim) by extension 'python'
[0.102s] Level 1:colcon.colcon_core.package_identification:_identify(tests/isaac_sim) by extensions ['python_setup_py']
[0.102s] Level 1:colcon.colcon_core.package_identification:_identify(tests/isaac_sim) by extension 'python_setup_py'
[0.102s] Level 1:colcon.colcon_core.package_identification:_identify(tests/ros2) by extensions ['ignore', 'ignore_ament_install']
[0.102s] Level 1:colcon.colcon_core.package_identification:_identify(tests/ros2) by extension 'ignore'
[0.102s] Level 1:colcon.colcon_core.package_identification:_identify(tests/ros2) by extension 'ignore_ament_install'
[0.102s] Level 1:colcon.colcon_core.package_identification:_identify(tests/ros2) by extensions ['colcon_pkg']
[0.102s] Level 1:colcon.colcon_core.package_identification:_identify(tests/ros2) by extension 'colcon_pkg'
[0.102s] Level 1:colcon.colcon_core.package_identification:_identify(tests/ros2) by extensions ['colcon_meta']
[0.102s] Level 1:colcon.colcon_core.package_identification:_identify(tests/ros2) by extension 'colcon_meta'
[0.102s] Level 1:colcon.colcon_core.package_identification:_identify(tests/ros2) by extensions ['ros']
[0.102s] Level 1:colcon.colcon_core.package_identification:_identify(tests/ros2) by extension 'ros'
[0.102s] Level 1:colcon.colcon_core.package_identification:_identify(tests/ros2) by extensions ['cmake', 'python']
[0.102s] Level 1:colcon.colcon_core.package_identification:_identify(tests/ros2) by extension 'cmake'
[0.102s] Level 1:colcon.colcon_core.package_identification:_identify(tests/ros2) by extension 'python'
[0.102s] Level 1:colcon.colcon_core.package_identification:_identify(tests/ros2) by extensions ['python_setup_py']
[0.102s] Level 1:colcon.colcon_core.package_identification:_identify(tests/ros2) by extension 'python_setup_py'
[0.102s] Level 1:colcon.colcon_core.package_discovery:discover_packages(recursive) using defaults
[0.102s] Level 1:colcon.colcon_core.package_discovery:discover_packages(ignore) discover
[0.102s] Level 1:colcon.colcon_core.package_discovery:discover_packages(ignore) using defaults
[0.102s] Level 1:colcon.colcon_core.package_discovery:discover_packages(path) discover
[0.102s] Level 1:colcon.colcon_core.package_discovery:discover_packages(path) using defaults
[0.110s] Level 1:colcon.colcon_core.package_discovery:discover_packages(prefix_path) check parameters
[0.110s] Level 1:colcon.colcon_core.package_discovery:discover_packages(prefix_path) discover
[0.114s] DEBUG:colcon.colcon_installed_package_information.package_discovery:Found 385 installed packages in /opt/ros/jazzy
[0.115s] Level 1:colcon.colcon_core.package_discovery:discover_packages(prefix_path) using defaults
[0.134s] INFO:colcon.colcon_core.executor:Executing jobs using 'parallel' executor
[0.134s] DEBUG:colcon.colcon_parallel_executor.executor.parallel:run_until_complete
[0.134s] DEBUG:colcon.colcon_parallel_executor.executor.parallel:closing loop
[0.134s] DEBUG:colcon.colcon_parallel_executor.executor.parallel:loop closed
[0.134s] DEBUG:colcon.colcon_parallel_executor.executor.parallel:run_until_complete finished with '0'
[0.134s] DEBUG:colcon.colcon_core.event_reactor:joining thread
[0.137s] INFO:colcon.colcon_core.plugin_system:Skipping extension 'colcon_notification.desktop_notification.terminal_notifier': Not used on non-Darwin systems
[0.137s] INFO:colcon.colcon_core.plugin_system:Skipping extension 'colcon_notification.desktop_notification.win32': Not used on non-Windows systems
[0.137s] INFO:colcon.colcon_notification.desktop_notification:Sending desktop notification using 'notify2'
[0.147s] DEBUG:colcon.colcon_core.event_reactor:joined thread
[0.147s] INFO:colcon.colcon_core.plugin_system:Skipping extension 'colcon_core.shell.bat': Not used on non-Windows systems
[0.148s] INFO:colcon.colcon_core.shell:Creating prefix script '/home/rokey/collaboration/cobot3-ws-c2/install/local_setup.ps1'
[0.148s] INFO:colcon.colcon_core.shell:Creating prefix util module '/home/rokey/collaboration/cobot3-ws-c2/install/_local_setup_util_ps1.py'
[0.148s] INFO:colcon.colcon_core.shell:Creating prefix chain script '/home/rokey/collaboration/cobot3-ws-c2/install/setup.ps1'
[0.149s] INFO:colcon.colcon_core.shell:Creating prefix script '/home/rokey/collaboration/cobot3-ws-c2/install/local_setup.sh'
[0.149s] INFO:colcon.colcon_core.shell:Creating prefix util module '/home/rokey/collaboration/cobot3-ws-c2/install/_local_setup_util_sh.py'
[0.149s] INFO:colcon.colcon_core.shell:Creating prefix chain script '/home/rokey/collaboration/cobot3-ws-c2/install/setup.sh'
[0.150s] INFO:colcon.colcon_core.shell:Creating prefix script '/home/rokey/collaboration/cobot3-ws-c2/install/local_setup.bash'
[0.150s] INFO:colcon.colcon_core.shell:Creating prefix chain script '/home/rokey/collaboration/cobot3-ws-c2/install/setup.bash'
[0.150s] INFO:colcon.colcon_core.shell:Creating prefix script '/home/rokey/collaboration/cobot3-ws-c2/install/local_setup.zsh'
[0.150s] INFO:colcon.colcon_core.shell:Creating prefix chain script '/home/rokey/collaboration/cobot3-ws-c2/install/setup.zsh'
